Date,Max_Demand_Met_MW,Peak_hr_Shortage_MW,Energy_Consumption_MUs,Date
2016-04-04,3976.0,4.0,81.7,
2016-04-05,3965.0,0.0,80.6,
2016-04-06,3933.0,0.0,82.2,
2016-04-07,3910.0,0.0,81.7,
2016-04-08,3844.0,0.0,76.2,
2016-04-09,3573.0,0.0,77.3,
2016-04-10,3462.0,6.0,74.0,
2016-04-11,3737.0,0.0,79.4,
2016-04-12,3737.0,13.0,79.0,
2016-04-13,3861.0,0.0,76.3,
2016-04-14,3835.0,0.0,81.3,
2016-04-15,3998.0,3.0,83.8,
2016-04-16,4198.0,8.0,85.0,
2016-04-17,4287.0,12.0,86.9,
2016-04-18,4656.0,6.0,95.2,
2016-04-19,4752.0,0.0,98.1,
2016-04-20,4430.0,0.0,92.6,
2016-04-21,4653.0,0.0,95.0,
2016-04-22,4653.0,0.0,96.1,
2016-04-23,4204.0,0.0,87.3,
2016-04-24,4030.0,0.0,78.5,
2016-04-25,4271.0,0.0,88.4,
2016-04-26,4400.0,22.0,91.0,
2016-04-27,4389.0,9.0,93.6,
2016-04-28,4585.0,0.0,99.1,
2016-04-29,4668.0,0.0,92.7,
2016-04-30,4449.0,0.0,91.8,
2016-05-01,4524.0,0.0,87.8,
2016-05-02,4955.0,6.0,95.8,
2016-05-03,5137.0,0.0,104.9,
2016-05-04,4925.0,0.0,102.0,
2016-05-05,4672.0,0.0,96.6,
2016-05-06,4605.0,0.0,94.7,
2016-05-07,4589.0,0.0,89.6,
2016-05-08,4744.0,15.0,92.6,
2016-05-09,4893.0,0.0,101.5,
2016-05-10,5047.0,0.0,104.4,
2016-05-11,5044.0,0.0,100.9,
2016-05-12,5249.0,0.0,106.2,
2016-05-13,5339.0,8.0,108.9,
2016-05-14,5226.0,0.0,106.9,
2016-05-15,5258.0,0.0,104.9,
2016-05-16,5376.0,32.0,110.9,
2016-05-17,5562.0,13.0,114.4,
2016-05-18,5586.0,0.0,116.8,
2016-05-19,5986.0,0.0,122.3,
2016-05-20,6119.0,0.0,126.2,
2016-05-21,5771.0,0.0,120.5,
2016-05-22,5583.0,0.0,112.2,
2016-05-23,5569.0,0.0,104.9,
2016-05-24,5001.0,7.0,98.5,
2016-05-25,5203.0,0.0,103.1,
2016-05-26,5330.0,2.0,107.5,
2016-05-27,5425.0,0.0,113.8,
2016-05-28,5500.0,0.0,111.5,
2016-05-29,4594.0,0.0,93.8,
2016-05-30,4192.0,0.0,88.9,
2016-05-31,4903.0,5.0,89.8,
2016-06-01,5209.0,0.0,103.4,
2016-06-02,5554.0,0.0,112.7,
2016-06-03,5759.0,0.0,117.0,
2016-06-04,5659.0,0.0,120.1,
2016-06-05,5651.0,0.0,118.6,
2016-06-06,5925.0,62.0,120.4,
2016-06-07,5659.0,15.0,119.5,
2016-06-08,5829.0,4.0,116.1,
2016-06-09,5666.0,0.0,118.1,
2016-06-10,5989.0,0.0,114.0,
2016-06-11,5172.0,0.0,99.0,
2016-06-12,4883.0,0.0,99.5,
2016-06-13,5800.0,0.0,113.3,
2016-06-14,5477.0,0.0,108.5,
2016-06-15,5733.0,0.0,115.6,
2016-06-16,5470.0,0.0,109.7,
2016-06-17,5764.0,0.0,114.3,
2016-06-18,5622.0,0.0,117.0,
2016-06-19,5583.0,0.0,110.7,
2016-06-20,5499.0,0.0,115.1,
2016-06-21,5555.0,38.0,111.0,
2016-06-22,5535.0,0.0,113.9,
2016-06-23,5392.0,12.0,112.9,
2016-06-24,5905.0,0.0,117.2,
2016-06-25,5905.0,0.0,120.2,
2016-06-26,5688.0,3.0,116.0,
2016-06-27,5917.0,0.0,123.1,
2016-06-28,5731.0,0.0,113.4,
2016-06-29,5959.0,3.0,120.2,
2016-06-30,6156.0,0.0,129.5,
2016-07-01,6208.0,47.0,126.3,
2016-07-02,5397.0,0.0,98.3,
2016-07-03,4608.0,40.0,93.5,
2016-07-04,5135.0,0.0,102.0,
2016-07-05,5665.0,0.0,113.1,
2016-07-06,5616.0,0.0,115.5,
2016-07-07,5685.0,0.0,112.6,
2016-07-08,5508.0,0.0,113.1,
2016-07-09,5193.0,0.0,108.6,
2016-07-10,5192.0,0.0,104.9,
2016-07-11,5372.0,3.0,112.1,
2016-07-12,5230.0,0.0,107.7,
2016-07-13,5327.0,0.0,107.9,
2016-07-14,5414.0,0.0,107.6,
2016-07-15,5159.0,4.0,107.2,
2016-07-16,4910.0,0.0,93.9,
2016-07-17,4065.0,0.0,84.5,
2016-07-18,4813.0,0.0,92.2,
2016-07-19,5319.0,0.0,101.6,
2016-07-20,5575.0,0.0,111.6,
2016-07-21,5792.0,0.0,117.4,
2016-07-22,5816.0,12.0,121.4,
2016-07-23,5606.0,0.0,111.2,
2016-07-24,5239.0,75.0,104.9,
2016-07-25,5551.0,0.0,111.1,
2016-07-26,5551.0,0.0,115.0,
2016-07-27,4723.0,0.0,101.5,
2016-07-28,4822.0,0.0,99.6,
2016-07-29,4561.0,0.0,96.8,
2016-07-30,4219.0,0.0,91.3,
2016-07-31,4182.0,0.0,85.3,
2016-08-01,4526.0,0.0,92.7,
2016-08-02,4526.0,0.0,91.9,
2016-08-03,5104.0,0.0,101.6,
2016-08-04,5420.0,0.0,110.1,
2016-08-05,5638.0,0.0,116.0,
2016-08-06,5375.0,0.0,105.9,
2016-08-07,5308.0,0.0,100.7,
2016-08-08,5474.0,0.0,112.7,
2016-08-09,5326.0,0.0,111.5,
2016-08-10,5248.0,0.0,109.6,
2016-08-11,4859.0,0.0,102.7,
2016-08-12,4692.0,0.0,99.1,
2016-08-13,4532.0,0.0,95.1,
2016-08-14,4419.0,0.0,89.4,
2016-08-15,4779.0,0.0,84.6,
2016-08-16,5253.0,0.0,103.8,
2016-08-17,4935.0,0.0,103.7,
2016-08-18,4631.0,0.0,93.3,
2016-08-19,5182.0,0.0,102.7,
2016-08-20,5032.0,0.0,101.7,
2016-08-21,4987.0,0.0,98.5,
2016-08-22,5216.0,0.0,107.0,
2016-08-23,5239.0,0.0,108.5,
2016-08-24,5037.0,0.0,104.2,
2016-08-25,4686.0,0.0,97.9,
2016-08-26,5111.0,0.0,105.6,
2016-08-27,5021.0,0.0,102.3,
2016-08-28,5176.0,0.0,102.9,
2016-08-29,5176.0,0.0,102.9,
2016-08-30,4722.0,0.0,99.0,
2016-08-31,4314.0,0.0,91.9,
2016-09-01,4323.0,0.0,91.7,
2016-09-02,4601.0,0.0,96.4,
2016-09-03,4508.0,0.0,94.0,
2016-09-04,4615.0,0.0,92.8,
2016-09-05,4798.0,0.0,100.1,
2016-09-06,4832.0,5.0,99.5,
2016-09-07,4867.0,0.0,100.9,
2016-09-08,4962.0,0.0,102.3,
2016-09-09,5021.0,0.0,104.9,
2016-09-10,4851.0,0.0,99.8,
2016-09-11,4828.0,0.0,95.6,
2016-09-12,4937.0,0.0,102.3,
2016-09-13,5006.0,0.0,105.6,
2016-09-14,5029.0,0.0,104.6,
2016-09-15,4996.0,0.0,106.6,
2016-09-16,5059.0,5.0,105.6,
2016-09-17,4932.0,0.0,103.7,
2016-09-18,4926.0,0.0,99.2,
2016-09-19,5077.0,12.0,105.9,
2016-09-20,5244.0,0.0,108.1,
2016-09-21,5400.0,2.0,110.7,
2016-09-22,4977.0,0.0,104.7,
2016-09-23,4903.0,0.0,103.9,
2016-09-24,4713.0,0.0,99.9,
2016-09-25,4716.0,0.0,93.1,
2016-09-26,4952.0,0.0,102.0,
2016-09-27,5065.0,0.0,102.9,
2016-09-28,5081.0,0.0,106.4,
2016-09-29,5212.0,0.0,108.9,
2016-09-30,5237.0,0.0,109.7,
2016-10-01,5104.0,0.0,107.5,
2016-10-02,5040.0,0.0,99.2,
2016-10-03,5321.0,0.0,110.3,
2016-10-04,5221.0,0.0,108.2,
2016-10-05,4653.0,0.0,99.4,
2016-10-06,4737.0,0.0,101.0,
2016-10-07,4698.0,0.0,101.7,
2016-10-08,4472.0,0.0,95.1,
2016-10-09,4264.0,0.0,90.5,
2016-10-10,4274.0,0.0,92.5,
2016-10-11,4091.0,0.0,79.4,
2016-10-12,3938.0,0.0,82.1,
2016-10-13,4145.0,0.0,85.3,
2016-10-14,4081.0,0.0,84.2,
2016-10-15,3830.0,0.0,79.5,
2016-10-16,3583.0,0.0,73.0,
2016-10-17,3864.0,0.0,78.9,
2016-10-18,3870.0,0.0,78.1,
2016-10-19,3755.0,0.0,77.3,
2016-10-20,3973.0,0.0,78.4,
2016-10-21,3966.0,0.0,78.4,
2016-10-22,3776.0,0.0,75.0,
2016-10-23,3776.0,0.0,75.5,
2016-10-24,3867.0,0.0,75.5,
2016-10-25,3879.0,0.0,76.4,
2016-10-26,3897.0,0.0,75.9,
2016-10-27,3821.0,0.0,74.2,
2016-10-28,3645.0,0.0,72.1,
2016-10-29,3298.0,0.0,67.0,
2016-10-30,2828.0,0.0,58.5,
2016-10-31,2813.0,0.0,57.5,
2016-11-01,3054.0,0.0,60.9,
2016-11-02,3418.0,0.0,64.7,
2016-11-03,3418.0,0.0,62.7,
2016-11-04,3382.0,0.0,63.9,
2016-11-05,3160.0,3.0,61.9,
2016-11-06,3058.0,0.0,58.3,
2016-11-07,3197.0,0.0,60.4,
2016-11-08,3272.0,0.0,61.1,
2016-11-09,3255.0,0.0,59.8,
2016-11-10,3161.0,0.0,59.3,
2016-11-11,3011.0,2.0,56.9,
2016-11-12,2795.0,0.0,54.4,
2016-11-13,2707.0,0.0,51.7,
2016-11-14,2874.0,0.0,54.3,
2016-11-15,2907.0,0.0,55.2,
2016-11-16,2930.0,0.0,55.2,
2016-11-17,2962.0,0.0,54.8,
2016-11-18,3055.0,0.0,55.9,
2016-11-19,2837.0,0.0,53.4,
2016-11-20,2925.0,0.0,52.5,
2016-11-21,2958.0,0.0,54.8,
2016-11-22,2975.0,0.0,55.5,
2016-11-23,3035.0,0.0,56.1,
2016-11-24,3036.0,0.0,56.7,
2016-11-25,3100.0,0.0,57.5,
2016-11-26,2928.0,0.0,54.0,
2016-11-27,2991.0,0.0,52.4,
2016-11-28,2982.0,0.0,54.7,
2016-11-29,2987.0,0.0,55.1,
2016-11-30,2913.0,0.0,52.7,
2016-12-01,3036.0,0.0,56.9,
2016-12-02,3175.0,0.0,58.3,
2016-12-03,3022.0,0.0,54.2,
2016-12-04,3052.0,0.0,52.3,
2016-12-05,2995.0,0.0,55.2,
2016-12-06,3090.0,3.0,56.7,
2016-12-07,3230.0,0.0,56.6,
2016-12-08,3144.0,0.0,56.6,
2016-12-09,3296.0,0.0,58.5,
2016-12-10,3136.0,0.0,54.4,
2016-12-11,3157.0,3.0,53.7,
2016-12-12,3314.0,0.0,55.7,
2016-12-13,3237.0,0.0,57.8,
2016-12-14,3247.0,0.0,58.0,
2016-12-15,3179.0,0.0,57.6,
2016-12-16,3381.0,0.0,59.3,
2016-12-17,3222.0,0.0,57.1,
2016-12-18,3309.0,0.0,55.5,
2016-12-19,3343.0,0.0,58.2,
2016-12-20,3387.0,0.0,59.6,
2016-12-21,3471.0,0.0,61.1,
2016-12-22,3302.0,0.0,58.6,
2016-12-23,3531.0,0.0,61.6,
2016-12-24,3276.0,0.0,56.7,
2016-12-25,3361.0,0.0,55.1,
2016-12-26,3508.0,0.0,59.9,
2016-12-27,3505.0,0.0,60.6,
2016-12-28,3582.0,0.0,60.6,
2016-12-29,3506.0,0.0,60.6,
2016-12-30,3801.0,0.0,62.8,
2016-12-31,3502.0,0.0,58.6,
2017-01-01,3482.0,0.0,56.3,
2017-01-02,3514.0,0.0,59.0,
2017-01-03,3604.0,0.0,60.0,
2017-01-04,3593.0,0.0,60.4,
2017-01-05,3493.0,0.0,59.1,
2017-01-06,3660.0,0.0,61.3,
2017-01-07,3333.0,0.0,57.8,
2017-01-08,3479.0,0.0,57.0,
2017-01-09,3678.0,0.0,61.5,
2017-01-10,3777.0,2.0,63.3,
2017-01-11,3777.0,2.0,63.7,
2017-01-12,3317.0,0.0,65.3,
2017-01-13,3998.0,0.0,67.5,
2017-01-14,3983.0,0.0,64.2,
2017-01-15,3677.0,8.0,60.3,
2017-01-16,3709.0,0.0,64.0,
2017-01-17,3976.0,0.0,68.2,
2017-01-18,3973.0,0.0,68.6,
2017-01-19,3973.0,0.0,67.8,
2017-01-20,3973.0,0.0,67.9,
2017-01-21,3862.0,0.0,65.8,
2017-01-22,3895.0,0.0,62.5,
2017-01-23,3777.0,0.0,64.1,
2017-01-24,3711.0,0.0,63.8,
2017-01-25,3709.0,0.0,63.5,
2017-01-26,3043.0,0.0,50.7,
2017-01-27,3690.0,0.0,63.3,
2017-01-28,3688.0,0.0,61.5,
2017-01-29,3761.0,0.0,60.3,
2017-01-30,3761.0,0.0,60.2,
2017-01-31,3712.0,0.0,63.6,
2017-02-01,3784.0,0.0,63.9,
2017-02-02,3568.0,27.0,62.9,
2017-02-03,3774.0,0.0,64.1,
2017-02-04,3525.0,0.0,60.2,
2017-02-05,3555.0,0.0,59.1,
2017-02-06,3572.0,0.0,61.9,
2017-02-07,3575.0,0.0,61.5,
2017-02-08,3627.0,0.0,62.5,
2017-02-09,3540.0,0.0,62.0,
2017-02-10,3781.0,0.0,63.4,
2017-02-11,3578.0,0.0,58.8,
2017-02-12,3480.0,0.0,56.6,
2017-02-13,3519.0,0.0,60.0,
2017-02-14,3530.0,0.0,61.1,
2017-02-15,3614.0,0.0,61.4,
2017-02-16,3441.0,0.0,61.2,
2017-02-17,3604.0,0.0,62.5,
2017-02-18,3387.0,0.0,58.5,
2017-02-19,3347.0,0.0,57.0,
2017-02-20,3303.0,0.0,60.1,
2017-02-21,3309.0,0.0,61.2,
2017-02-22,3392.0,0.0,61.1,
2017-02-23,3335.0,0.0,59.9,
2017-02-24,3586.0,0.0,46.4,
2017-02-25,3202.0,0.0,56.3,
2017-02-26,3003.0,0.0,52.8,
2017-02-27,3325.0,0.0,62.6,
2017-02-28,3314.0,0.0,59.8,
2017-03-01,3326.0,0.0,60.7,
2017-03-02,3336.0,0.0,61.2,
2017-03-03,3388.0,0.0,61.0,
2017-03-04,3222.0,0.0,57.4,
2017-03-05,3121.0,0.0,55.4,
2017-03-06,3271.0,0.0,59.4,
2017-03-07,3344.0,0.0,60.4,
2017-03-08,3375.0,0.0,61.1,
2017-03-09,3350.0,0.0,60.8,
2017-03-10,3417.0,0.0,60.7,
2017-03-11,3277.0,0.0,57.5,
2017-03-12,3011.0,0.0,51.1,
2017-03-13,2339.0,0.0,43.4,
2017-03-14,3015.0,0.0,50.8,
2017-03-15,3309.0,0.0,57.8,
2017-03-16,3309.0,7.0,59.1,
2017-03-17,3413.0,0.0,60.9,
2017-03-18,3173.0,0.0,57.8,
2017-03-19,3084.0,0.0,56.3,
2017-03-20,3236.0,0.0,61.2,
2017-03-21,3283.0,0.0,62.2,
2017-03-22,3409.0,0.0,65.8,
2017-03-23,3607.0,0.0,68.7,
2017-03-24,3601.0,0.0,72.9,
2017-03-25,3331.0,0.0,66.9,
2017-03-26,3158.0,0.0,64.9,
2017-03-27,3666.0,0.0,72.9,
2017-03-28,3736.0,4.0,77.3,
2017-03-29,3930.0,0.0,80.6,
2017-03-30,4033.0,0.0,83.2,
2017-03-31,4051.0,2.0,85.3,
2017-04-01,3892.0,0.0,83.1,
2017-04-02,3716.0,0.0,79.5,
2017-04-03,4187.0,0.0,87.2,
2017-04-04,3941.0,0.0,84.7,
2017-04-05,3923.0,0.0,82.3,
2017-04-06,4132.0,0.0,82.9,
2017-04-07,3964.0,4.0,82.9,
2017-04-08,3519.0,0.0,76.0,
2017-04-09,3266.0,0.0,69.5,
2017-04-10,3618.0,0.0,75.0,
2017-04-11,3870.0,0.0,78.5,
2017-04-12,4100.0,0.0,83.7,
2017-04-13,4231.0,6.0,86.7,
2017-04-14,4153.0,0.0,88.0,
2017-04-15,4391.0,0.0,88.0,
2017-04-16,4391.0,0.0,87.8,
2017-04-17,4845.0,0.0,99.1,
2017-04-18,4980.0,0.0,102.8,
2017-04-19,5098.0,0.0,104.5,
2017-04-20,5447.0,0.0,109.5,
2017-04-21,5637.0,0.0,114.6,
2017-04-22,5453.0,0.0,109.7,
2017-04-23,5019.0,0.0,93.8,
2017-04-24,5031.0,0.0,101.4,
2017-04-25,4961.0,0.0,100.8,
2017-04-26,4854.0,0.0,98.7,
2017-04-27,4851.0,0.0,99.0,
2017-04-28,4858.0,0.0,99.4,
2017-04-29,4553.0,0.0,95.5,
2017-04-30,4431.0,0.0,89.5,
2017-05-01,4675.0,0.0,94.2,
2017-05-02,4873.0,26.0,99.1,
2017-05-03,4839.0,0.0,100.1,
2017-05-04,4916.0,0.0,100.5,
2017-05-05,5131.0,0.0,104.6,
2017-05-06,5157.0,0.0,104.0,
2017-05-07,5369.0,0.0,103.1,
2017-05-08,5683.0,0.0,115.2,
2017-05-09,5692.0,0.0,116.0,
2017-05-10,5620.0,7.0,112.7,
2017-05-11,5668.0,0.0,113.7,
2017-05-12,5722.0,0.0,116.4,
2017-05-13,5607.0,0.0,113.8,
2017-05-14,5657.0,11.0,109.9,
2017-05-15,5912.0,0.0,120.2,
2017-05-16,5957.0,0.0,122.8,
2017-05-17,5756.0,0.0,115.1,
2017-05-18,5769.0,0.0,117.1,
2017-05-19,5733.0,0.0,114.9,
2017-05-20,5383.0,0.0,107.4,
2017-05-21,5076.0,0.0,98.0,
2017-05-22,,,,
2017-05-23,,,,
2017-05-24,,,,
2017-05-25,,,,
2017-05-26,,,,
2017-05-27,,,,
2017-05-28,104.4,,,
2017-05-29,5254.0,0.0,103.9,
2017-05-30,5256.0,0.0,106.4,
2017-05-31,5204.0,0.0,101.9,
2017-06-01,5231.0,0.0,103.9,
2017-06-02,5438.0,0.0,109.7,
2017-06-03,5522.0,0.0,113.0,
2017-06-04,5688.0,0.0,114.3,
2017-06-05,6319.0,0.0,128.4,
2017-06-06,6441.0,0.0,133.9,
2017-06-07,5974.0,0.0,117.2,
2017-06-08,5607.0,0.0,112.5,
2017-06-09,5456.0,0.0,113.2,
2017-06-10,5395.0,0.0,109.6,
2017-06-11,5214.0,0.0,99.8,
2017-06-12,5540.0,0.0,113.1,
2017-06-13,5819.0,0.0,118.6,
2017-06-14,5927.0,0.0,119.3,
2017-06-15,5917.0,0.0,118.1,
2017-06-16,5879.0,0.0,106.5,
2017-06-17,5005.0,0.0,99.3,
2017-06-18,5426.0,0.0,99.3,
2017-06-19,5376.0,0.0,109.7,
2017-06-20,4644.0,0.0,95.9,
2017-06-21,4613.0,0.0,96.5,
2017-06-22,4829.0,0.0,100.1,
2017-06-23,5162.0,0.0,105.1,
2017-06-24,5480.0,0.0,108.9,
2017-06-25,5574.0,0.0,109.9,
2017-06-26,5929.0,0.0,118.2,
2017-06-27,6180.0,0.0,126.5,
2017-06-28,5900.0,0.0,113.0,
2017-06-29,4724.0,28.0,99.2,
2017-06-30,4638.0,0.0,98.2,
2017-07-01,4831.0,0.0,97.4,
2017-07-02,4494.0,0.0,90.4,
2017-07-03,,,,
2017-07-04,,,,
2017-07-05,,,,
2017-07-06,,,,
2017-07-07,,,,
2017-07-08,,,,
2017-07-09,111.5,,,
2017-07-10,6110.0,6.0,122.0,
2017-07-11,5865.0,0.0,117.1,
2017-07-12,5220.0,30.0,107.1,
2017-07-13,5420.0,30.0,109.2,
2017-07-14,5677.0,0.0,114.3,
2017-07-15,5571.0,0.0,111.6,
2017-07-16,5622.0,0.0,101.0,
2017-07-17,5468.0,0.0,112.1,
2017-07-18,5822.0,0.0,114.5,
2017-07-19,6020.0,2.0,121.9,
2017-07-20,5733.0,0.0,114.6,
2017-07-21,5696.0,0.0,116.4,
2017-07-22,5488.0,0.0,109.2,
2017-07-23,4933.0,16.0,99.5,
2017-07-24,5012.0,0.0,104.9,
2017-07-25,4993.0,0.0,104.4,
2017-07-26,5429.0,0.0,107.3,
2017-07-27,5484.0,3.0,111.9,
2017-07-28,5443.0,0.0,113.5,
2017-07-29,5152.0,0.0,108.3,
2017-07-30,5281.0,0.0,102.5,
2017-07-31,5144.0,0.0,106.5,
2017-08-01,4900.0,0.0,103.4,
2017-08-02,4999.0,0.0,103.6,
2017-08-03,5311.0,0.0,107.4,
2017-08-04,5389.0,0.0,109.0,
2017-08-05,5338.0,0.0,107.4,
2017-08-06,5406.0,0.0,106.6,
2017-08-07,5289.0,0.0,103.5,
2017-08-08,5453.0,0.0,109.8,
2017-08-09,5298.0,0.0,110.7,
2017-08-10,5548.0,0.0,112.7,
2017-08-11,5556.0,52.0,114.2,
2017-08-12,5235.0,0.0,108.2,
2017-08-13,5239.0,0.0,103.4,
2017-08-14,5387.0,0.0,110.6,
2017-08-15,5291.0,0.0,97.5,
2017-08-16,5810.0,16.0,115.7,
2017-08-17,5993.0,16.0,121.5,
2017-08-18,6087.0,0.0,124.5,
2017-08-19,5923.0,0.0,112.9,
2017-08-20,5549.0,0.0,104.9,
2017-08-21,5802.0,0.0,116.6,
2017-08-22,5578.0,0.0,117.5,
2017-08-23,5391.0,0.0,112.3,
2017-08-24,5441.0,0.0,111.4,
2017-08-25,5401.0,0.0,106.2,
2017-08-26,4940.0,0.0,103.4,
2017-08-27,5105.0,0.0,98.5,
2017-08-28,,,5009.0,
2017-08-29,,,5258.0,
2017-08-30,,,5217.0,
2017-08-31,,,4923.0,
2017-09-01,,,4719.0,
2017-09-02,,,4264.0,
2017-09-03,89.5,,4617.0,
2017-09-04,,,5091.0,
2017-09-05,,,5079.0,
2017-09-06,,,5206.0,
2017-09-07,,,4961.0,
2017-09-08,,,5040.0,
2017-09-09,,,5080.0,
2017-09-10,104.5,,5363.0,
2017-09-11,,,5378.0,
2017-09-12,,,5474.0,
2017-09-13,,,5583.0,
2017-09-14,,,5637.0,
2017-09-15,,,5453.0,
2017-09-16,,,5366.0,
2017-09-17,98.1,,4897.0,
2017-09-18,5553.0,0.0,107.3,
2017-09-19,5124.0,0.0,108.4,
2017-09-20,5206.0,2.0,108.6,
2017-09-21,5258.0,0.0,109.4,
2017-09-22,5015.0,0.0,98.2,
2017-09-23,3899.0,0.0,83.4,
2017-09-24,3872.0,0.0,77.3,
2017-09-25,4447.0,0.0,89.9,
2017-09-26,4580.0,0.0,97.1,
2017-09-27,4690.0,0.0,92.0,
2017-09-28,4809.0,0.0,100.7,
2017-09-29,4785.0,0.0,101.1,
2017-09-30,4491.0,0.0,86.7,
2017-10-01,4086.0,0.0,84.6,
2017-10-02,4087.0,0.0,79.7,
2017-10-03,4586.0,0.0,94.3,
2017-10-04,4645.0,0.0,98.1,
2017-10-05,4611.0,0.0,98.6,
2017-10-06,4586.0,0.0,97.7,
2017-10-07,4354.0,0.0,92.5,
2017-10-08,4358.0,0.0,89.5,
2017-10-09,4493.0,0.0,95.8,
2017-10-10,4521.0,0.0,96.4,
2017-10-11,4512.0,6.0,95.7,
2017-10-12,4510.0,0.0,96.2,
2017-10-13,4441.0,0.0,93.8,
2017-10-14,4088.0,0.0,87.4,
2017-10-15,3863.0,0.0,82.0,
2017-10-16,4276.0,0.0,88.0,
2017-10-17,4132.0,0.0,87.0,
2017-10-18,4001.0,0.0,82.8,
2017-10-19,3504.0,0.0,72.0,
2017-10-20,3468.0,0.0,73.2,
2017-10-21,3472.0,0.0,73.2,
2017-10-22,3555.0,0.0,71.5,
2017-10-23,3823.0,0.0,78.7,
2017-10-24,3826.0,0.0,77.2,
2017-10-25,3763.0,0.0,74.6,
2017-10-26,3641.0,0.0,71.8,
2017-10-27,3721.0,0.0,72.6,
2017-10-28,4085.0,0.0,83.6,
2017-10-29,3279.0,0.0,65.6,
2017-10-30,3600.0,0.0,69.9,
2017-10-31,3602.0,0.0,69.0,
2017-11-01,3626.0,0.0,68.5,
2017-11-02,3681.0,0.0,69.1,
2017-11-03,3593.0,0.0,69.0,
2017-11-04,3313.0,0.0,64.7,
2017-11-05,3187.0,0.0,61.8,
2017-11-06,3466.0,0.0,66.0,
2017-11-07,3484.0,0.0,66.4,
2017-11-08,3649.0,11.0,65.7,
2017-11-09,3476.0,0.0,64.1,
2017-11-10,3516.0,0.0,64.5,
2017-11-11,3245.0,0.0,60.2,
2017-11-12,3133.0,0.0,57.4,
2017-11-13,3312.0,0.0,62.1,
2017-11-14,3331.0,0.0,62.8,
2017-11-15,3301.0,0.0,62.3,
2017-11-16,3326.0,0.0,63.1,
2017-11-17,3439.0,0.0,64.7,
2017-11-18,3186.0,0.0,60.3,
2017-11-19,3196.0,0.0,57.2,
2017-11-20,3272.0,0.0,60.6,
2017-11-21,3304.0,0.0,56.0,
2017-11-22,3269.0,0.0,59.9,
2017-11-23,3373.0,0.0,61.1,
2017-11-24,3541.0,0.0,61.5,
2017-11-25,3305.0,0.0,58.6,
2017-11-26,3362.0,0.0,56.8,
2017-11-27,3412.0,0.0,60.3,
2017-11-28,3269.0,0.0,60.2,
2017-11-29,3432.0,0.0,61.6,
2017-11-30,3394.0,0.0,62.3,
2017-12-01,3508.0,0.0,62.1,
2017-12-02,3369.0,0.0,58.3,
2017-12-03,3315.0,0.0,58.0,
2017-12-04,3353.0,0.0,60.3,
2017-12-05,3457.0,0.0,62.2,
2017-12-06,3618.0,0.0,62.9,
2017-12-07,3477.0,0.0,61.6,
2017-12-08,3565.0,0.0,62.3,
2017-12-09,3432.0,0.0,60.0,
2017-12-10,3169.0,0.0,56.0,
2017-12-11,3509.0,0.0,60.8,
2017-12-12,3503.0,0.0,61.8,
2017-12-13,3605.0,0.0,63.9,
2017-12-14,3673.0,0.0,64.5,
2017-12-15,3901.0,0.0,66.6,
2017-12-16,3706.0,0.0,63.6,
2017-12-17,3838.0,0.0,61.5,
2017-12-18,3778.0,0.0,65.1,
2017-12-19,3637.0,0.0,65.4,
2017-12-20,3861.0,0.0,66.6,
2017-12-21,3723.0,0.0,65.9,
2017-12-22,3940.0,0.0,66.8,
2017-12-23,3699.0,0.0,62.2,
2017-12-24,3651.0,0.0,59.8,
2017-12-25,3810.0,0.0,61.9,
2017-12-26,3791.0,0.0,64.5,
2017-12-27,3844.0,0.0,65.6,
2017-12-28,3716.0,0.0,65.5,
2017-12-29,3971.0,0.0,65.8,
2017-12-30,3634.0,0.0,62.1,
2017-12-31,3664.0,0.0,60.1,
2018-01-01,3954.0,0.0,63.7,
2018-01-02,3959.0,0.0,65.7,
2018-01-03,4217.0,0.0,68.0,
2018-01-04,4022.0,0.0,67.5,
2018-01-05,4421.0,0.0,72.0,
2018-01-06,4107.0,3.0,66.7,
2018-01-07,4017.0,0.0,64.6,
2018-01-08,4181.0,0.0,68.6,
2018-01-09,4124.0,0.0,68.9,
2018-01-10,4214.0,0.0,69.3,
2018-01-11,4117.0,0.0,68.5,
2018-01-12,4205.0,0.0,69.3,
2018-01-13,3926.0,0.0,63.5,
2018-01-14,3932.0,0.0,61.7,
2018-01-15,3970.0,0.0,65.5,
2018-01-16,3839.0,0.0,65.5,
2018-01-17,4003.0,0.0,68.1,
2018-01-18,3929.0,0.0,67.3,
2018-01-19,3959.0,0.0,66.8,
2018-01-20,3771.0,0.0,64.3,
2018-01-21,3854.0,0.0,62.0,
2018-01-22,3857.0,0.0,65.0,
2018-01-23,3736.0,0.0,65.3,
2018-01-24,4043.0,0.0,68.6,
2018-01-25,3981.0,0.0,68.2,
2018-01-26,3542.0,0.0,57.7,
2018-01-27,3887.0,0.0,65.1,
2018-01-28,3985.0,0.0,63.2,
2018-01-29,4030.0,0.0,67.4,
2018-01-30,3814.0,0.0,66.5,
2018-01-31,3968.0,0.0,66.5,
2018-02-01,3707.0,0.0,64.8,
2018-02-02,3883.0,0.0,64.8,
2018-02-03,3592.0,0.0,61.0,
2018-02-04,3682.0,0.0,59.7,
2018-02-05,3725.0,0.0,63.8,
2018-02-06,3743.0,0.0,63.8,
2018-02-07,3794.0,0.0,65.2,
2018-02-08,3707.0,0.0,65.5,
2018-02-09,3880.0,0.0,66.5,
2018-02-10,3708.0,0.0,62.2,
2018-02-11,3671.0,0.0,60.6,
2018-02-12,3695.0,0.0,63.7,
2018-02-13,3780.0,0.0,63.7,
2018-02-14,3924.0,0.0,64.0,
2018-02-15,3638.0,0.0,63.1,
2018-02-16,3809.0,0.0,64.8,
2018-02-17,3532.0,0.0,60.7,
2018-02-18,3554.0,0.0,58.4,
2018-02-19,3539.0,0.0,61.1,
2018-02-20,3533.0,0.0,61.7,
2018-02-21,3485.0,0.0,61.8,
2018-02-22,3430.0,0.0,62.4,
2018-02-23,3520.0,0.0,63.9,
2018-02-24,3337.0,0.0,60.7,
2018-02-25,3314.0,0.0,58.1,
2018-02-26,3369.0,0.0,61.2,
2018-02-27,3398.0,0.0,65.2,
2018-02-28,3498.0,1.0,63.4,
2018-03-01,3441.0,0.0,59.6,
2018-03-02,2347.0,0.0,46.1,
2018-03-03,2887.0,0.0,53.2,
2018-03-04,3043.0,0.0,55.6,
2018-03-05,3251.0,0.0,60.7,
2018-03-06,3256.0,0.0,61.9,
2018-03-07,3298.0,0.0,62.8,
2018-03-08,3330.0,0.0,64.1,
2018-03-09,3432.0,0.0,65.2,
2018-03-10,3234.0,0.0,61.2,
2018-03-11,3161.0,0.0,59.9,
2018-03-12,3388.0,0.0,65.5,
2018-03-13,3424.0,0.0,67.2,
2018-03-14,3558.0,0.0,68.9,
2018-03-15,3539.0,0.0,69.7,
2018-03-16,3560.0,0.0,69.9,
2018-03-17,3256.0,0.0,65.3,
2018-03-18,3112.0,0.0,61.9,
2018-03-19,3446.0,0.0,67.6,
2018-03-20,3506.0,0.0,69.7,
2018-03-21,3541.0,0.0,70.3,
2018-03-22,3523.0,0.0,69.8,
2018-03-23,3576.0,0.0,76.1,
2018-03-24,3295.0,0.0,66.7,
2018-03-25,3045.0,0.0,62.9,
2018-03-26,3572.0,0.0,70.5,
2018-03-27,3688.0,0.0,73.4,
2018-03-28,3654.0,0.0,75.0,
2018-03-29,3659.0,0.0,74.5,
2018-03-30,3675.0,0.0,75.5,
2018-03-31,3564.0,0.0,73.7,
2018-04-01,3885.0,0.0,79.0,
2018-04-02,3885.0,0.0,79.0,
2018-04-03,4024.0,0.0,83.0,
2018-04-04,4187.0,0.0,87.8,
2018-04-05,4339.0,0.0,89.9,
2018-04-06,4318.0,0.0,85.9,
2018-04-07,3593.0,0.0,75.4,
2018-04-08,3596.0,0.0,77.8,
2018-04-09,3727.0,0.0,79.8,
2018-04-10,3983.0,6.0,82.0,
2018-04-11,3888.0,0.0,80.9,
2018-04-12,3841.0,0.0,78.3,
2018-04-13,3833.0,0.0,80.1,
2018-04-14,3615.0,0.0,77.4,
2018-04-15,3806.0,0.0,78.6,
2018-04-16,4168.0,0.0,87.8,
2018-04-17,4380.0,0.0,90.2,
2018-04-18,4437.0,0.0,91.8,
2018-04-19,4628.0,0.0,95.0,
2018-04-20,4630.0,0.0,94.9,
2018-04-21,4195.0,0.0,88.3,
2018-04-22,3821.0,0.0,79.5,
2018-04-23,4147.0,0.0,85.8,
2018-04-24,4373.0,0.0,89.6,
2018-04-25,4596.0,0.0,94.0,
2018-04-26,4857.0,0.0,99.2,
2018-04-27,5094.0,0.0,103.9,
2018-04-28,4862.0,0.0,105.5,
2018-04-29,4796.0,0.0,97.8,
2018-04-30,5181.0,0.0,102.3,
2018-05-01,5090.0,0.0,104.3,
2018-05-02,5149.0,0.0,100.0,
2018-05-03,4552.0,0.0,93.7,
2018-05-04,4789.0,0.0,97.6,
2018-05-05,4747.0,0.0,98.7,
2018-05-06,4894.0,0.0,95.2,
2018-05-07,4968.0,0.0,102.7,
2018-05-08,4687.0,0.0,97.1,
2018-05-09,4730.0,0.0,95.5,
2018-05-10,4881.0,0.0,97.2,
2018-05-11,5272.0,0.0,105.5,
2018-05-12,5364.0,0.0,108.7,
2018-05-13,5338.0,0.0,100.3,
2018-05-14,4896.0,0.0,98.0,
2018-05-15,5289.0,0.0,105.9,
2018-05-16,5328.0,0.0,103.2,
2018-05-17,5342.0,0.0,108.5,
2018-05-18,5537.0,0.0,110.4,
2018-05-19,5448.0,0.0,108.8,
2018-05-20,5282.0,0.0,103.7,
2018-05-21,5532.0,0.0,111.3,
2018-05-22,5735.0,0.0,116.6,
2018-05-23,6029.0,0.0,121.6,
2018-05-24,5949.0,0.0,123.1,
2018-05-25,5912.0,0.0,119.7,
2018-05-26,5822.0,0.0,116.5,
2018-05-27,5835.0,2.0,113.0,
2018-05-28,6149.0,0.0,125.1,
2018-05-29,6254.0,0.0,128.4,
2018-05-30,6343.0,10.0,128.5,
2018-05-31,6346.0,0.0,129.8,
2018-06-01,6570.0,0.0,130.3,
2018-06-02,5686.0,0.0,118.3,
2018-06-03,5833.0,0.0,111.8,
2018-06-04,6325.0,0.0,127.8,
2018-06-05,6535.0,0.0,134.1,
2018-06-06,6372.0,0.0,129.5,
2018-06-07,6492.0,0.0,131.0,
2018-06-08,6913.0,0.0,137.4,
2018-06-09,6326.0,0.0,122.1,
2018-06-10,5884.0,0.0,110.4,
2018-06-11,6317.0,0.0,126.4,
2018-06-12,6623.0,0.0,135.5,
2018-06-13,6614.0,0.0,137.9,
2018-06-14,6540.0,0.0,134.9,
2018-06-15,6429.0,0.0,132.4,
2018-06-16,6254.0,0.0,124.7,
2018-06-17,6001.0,0.0,113.1,
2018-06-18,5694.0,0.0,117.8,
2018-06-19,5900.0,0.0,118.7,
2018-06-20,6204.0,0.0,126.6,
2018-06-21,6330.0,0.0,132.5,
2018-06-22,6619.0,0.0,135.2,
2018-06-23,6462.0,0.0,133.0,
2018-06-24,6275.0,0.0,126.1,
2018-06-25,6750.0,0.0,136.3,
2018-06-26,6512.0,0.0,130.4,
2018-06-27,6068.0,0.0,122.2,
2018-06-28,5559.0,0.0,114.3,
2018-06-29,5400.0,0.0,114.9,
2018-06-30,5621.0,0.0,113.1,
2018-07-01,5759.0,0.0,113.2,
2018-07-02,6128.0,0.0,119.9,
2018-07-03,5968.0,0.0,117.3,
2018-07-04,5955.0,0.0,120.3,
2018-07-05,6193.0,0.0,122.0,
2018-07-06,6094.0,0.0,123.9,
2018-07-07,6058.0,0.0,124.7,
2018-07-08,6373.0,0.0,123.3,
2018-07-09,6924.0,0.0,139.0,
2018-07-10,6893.0,0.0,139.7,
2018-07-11,6503.0,0.0,135.5,
2018-07-12,6573.0,0.0,130.9,
2018-07-13,6030.0,0.0,120.7,
2018-07-14,5234.0,0.0,109.4,
2018-07-15,5760.0,0.0,109.5,
2018-07-16,5663.0,0.0,119.2,
2018-07-17,6216.0,0.0,122.9,
2018-07-18,6270.0,0.0,127.9,
2018-07-19,6365.0,0.0,128.6,
2018-07-20,6034.0,0.0,123.0,
2018-07-21,5562.0,0.0,112.9,
2018-07-22,4996.0,0.0,101.3,
2018-07-23,,,,
2018-07-24,,,,
2018-07-25,,,,
2018-07-26,,,,
2018-07-27,,,,
2018-07-28,,,,
2018-07-29,94.6,,,
2018-07-30,5597.0,3.0,108.6,
2018-07-31,5388.0,0.0,113.6,
2018-08-01,5742.0,0.0,112.6,
2018-08-02,5893.0,0.0,118.1,
2018-08-03,5637.0,0.0,117.2,
2018-08-04,5615.0,0.0,115.5,
2018-08-05,5555.0,0.0,109.6,
2018-08-06,5044.0,0.0,105.7,
2018-08-07,5081.0,0.0,105.0,
2018-08-08,5355.0,0.0,109.9,
2018-08-09,5822.0,0.0,116.9,
2018-08-10,5731.0,0.0,120.7,
2018-08-11,5755.0,0.0,117.6,
2018-08-12,5591.0,0.0,110.4,
2018-08-13,5629.0,0.0,114.9,
2018-08-14,5777.0,0.0,117.3,
2018-08-15,5665.0,0.0,102.7,
2018-08-16,5773.0,0.0,116.6,
2018-08-17,5890.0,0.0,121.0,
2018-08-18,5704.0,6.0,117.9,
2018-08-19,5357.0,0.0,108.0,
2018-08-20,5752.0,0.0,117.6,
2018-08-21,5852.0,21.0,119.4,
2018-08-22,5687.0,0.0,117.3,
2018-08-23,5403.0,0.0,113.4,
2018-08-24,5453.0,0.0,111.9,
2018-08-25,5253.0,0.0,107.6,
2018-08-26,5122.0,0.0,98.0,
2018-08-27,5378.0,0.0,111.7,
2018-08-28,5152.0,0.0,107.6,
2018-08-29,5049.0,0.0,106.4,
2018-08-30,5530.0,0.0,111.0,
2018-08-31,5556.0,0.0,116.4,
2018-09-01,5346.0,0.0,104.0,
2018-09-02,4577.0,0.0,91.0,
2018-09-03,5637.0,0.0,117.2,
2018-09-04,5615.0,0.0,115.5,
2018-09-05,5555.0,0.0,109.6,
2018-09-06,5044.0,0.0,105.7,
2018-09-07,5081.0,0.0,105.0,
2018-09-08,5355.0,0.0,109.9,
2018-09-09,5822.0,0.0,116.9,
2018-09-10,,,,
2018-09-11,,,,
2018-09-12,,,,
2018-09-13,,,,
2018-09-14,,,,
2018-09-15,,,,
2018-09-16,98.4,,,
2018-09-17,5075.0,0.0,106.1,
2018-09-18,5075.0,0.0,107.5,
2018-09-19,5047.0,0.0,108.6,
2018-09-20,5143.0,0.0,108.9,
2018-09-21,4976.0,0.0,104.2,
2018-09-22,4253.0,0.0,91.8,
2018-09-23,3930.0,0.0,83.9,
2018-09-24,4188.0,0.0,86.0,
2018-09-25,3965.0,8.0,81.0,
2018-09-26,4151.0,0.0,83.6,
2018-09-27,4266.0,0.0,88.4,
2018-09-28,4398.0,0.0,93.3,
2018-09-29,4393.0,0.0,93.2,
2018-09-30,4121.0,0.0,89.1,
2018-10-01,4513.0,0.0,94.4,
2018-10-02,4164.0,0.0,83.7,
2018-10-03,4572.0,0.0,95.7,
2018-10-04,4687.0,0.0,98.7,
2018-10-05,4614.0,0.0,97.3,
2018-10-06,4188.0,0.0,91.9,
2018-10-07,3954.0,0.0,84.9,
2018-10-08,4321.0,0.0,91.5,
2018-10-09,4403.0,0.0,92.3,
2018-10-10,4559.0,0.0,94.3,
2018-10-11,4369.0,0.0,88.3,
2018-10-12,4049.0,0.0,81.9,
2018-10-13,3746.0,0.0,75.3,
2018-10-14,3450.0,0.0,70.7,
2018-10-15,3837.0,0.0,75.1,
2018-10-16,3966.0,0.0,79.6,
2018-10-17,3970.0,0.0,80.9,
2018-10-18,3986.0,0.0,80.4,
2018-10-19,3335.0,0.0,69.6,
2018-10-20,3651.0,0.0,71.4,
2018-10-21,3421.0,0.0,66.4,
2018-10-22,3652.0,0.0,72.8,
2018-10-23,3720.0,0.0,72.7,
2018-10-24,3761.0,0.0,73.8,
2018-10-25,3752.0,0.0,73.5,
2018-10-26,3676.0,0.0,73.2,
2018-10-27,3450.0,0.0,68.9,
2018-10-28,3301.0,0.0,64.4,
2018-10-29,3582.0,0.0,69.7,
2018-10-30,3664.0,0.0,71.8,
2018-10-31,3694.0,0.0,71.0,
2018-11-01,3660.0,0.0,71.3,
2018-11-02,,,71.7,
2018-11-03,,,68.5,
2018-11-04,3222.0,0.0,64.6,
2018-11-05,3389.0,0.0,65.4,
2018-11-06,3332.0,0.0,63.0,
2018-11-07,2698.0,0.0,53.9,
2018-11-08,2609.0,0.0,50.4,
2018-11-09,,,55.3,
2018-11-10,,,57.3,
2018-11-11,2932.0,0.0,55.5,
2018-11-12,3203.0,0.0,61.3,
2018-11-13,3308.0,0.0,59.7,
2018-11-14,3248.0,0.0,61.8,
2018-11-15,3292.0,0.0,62.5,
2018-11-16,3387.0,0.0,62.9,
2018-11-17,,,60.0,
2018-11-18,,,57.3,
2018-11-19,3254.0,0.0,61.0,
2018-11-20,3207.0,0.0,61.7,
2018-11-21,3460.0,0.0,61.3,
2018-11-22,3230.0,0.0,62.1,
2018-11-23,,,61.6,
2018-11-24,,,58.4,
2018-11-25,3302.0,0.0,58.3,
2018-11-26,3318.0,0.0,60.9,
2018-11-27,3302.0,0.0,62.0,
2018-11-28,3309.0,0.0,62.5,
2018-11-29,3394.0,0.0,62.3,
2018-11-30,3571.0,0.0,64.2,
2018-12-01,3290.0,0.0,59.8,
2018-12-02,3311.0,0.0,56.8,
2018-12-03,3350.0,0.0,61.6,
2018-12-04,3438.0,0.0,62.8,
2018-12-05,3437.0,0.0,63.8,
2018-12-06,3521.0,0.0,64.4,
2018-12-07,3594.0,0.0,63.5,
2018-12-08,3538.0,0.0,61.9,
2018-12-09,3509.0,0.0,59.3,
2018-12-10,3457.0,0.0,62.0,
2018-12-11,3567.0,0.0,63.8,
2018-12-12,3608.0,0.0,64.0,
2018-12-13,3607.0,0.0,64.5,
2018-12-14,3707.0,54.0,65.3,
2018-12-15,3637.0,0.0,61.6,
2018-12-16,3696.0,0.0,60.2,
2018-12-17,3718.0,0.0,64.8,
2018-12-18,3756.0,0.0,65.0,
2018-12-19,3696.0,0.0,67.3,
2018-12-20,3805.0,0.0,67.0,
2018-12-21,4031.0,0.0,69.0,
2018-12-22,3755.0,0.0,65.5,
2018-12-23,3901.0,0.0,63.3,
2018-12-24,3963.0,0.0,67.2,
2018-12-25,3927.0,0.0,64.8,
2018-12-26,3900.0,0.0,64.6,
2018-12-27,4057.0,0.0,69.6,
2018-12-28,4396.0,0.0,73.2,
2018-12-29,4170.0,0.0,69.3,
2018-12-30,4120.0,0.0,66.5,
2018-12-31,4292.0,0.0,69.0,
2019-01-01,4336.0,0.0,69.6,
2019-01-02,4183.0,0.0,69.0,
2019-01-03,4241.0,0.0,68.3,
2019-01-04,4413.0,0.0,73.9,
2019-01-05,4093.0,0.0,68.2,
2019-01-06,3922.0,0.0,64.9,
2019-01-07,4212.0,0.0,71.0,
2019-01-08,4167.0,0.0,68.7,
2019-01-09,4234.0,0.0,71.1,
2019-01-10,4194.0,0.0,71.0,
2019-01-11,4336.0,0.0,71.4,
2019-01-12,4104.0,0.0,67.7,
2019-01-13,3975.0,0.0,65.4,
2019-01-14,4222.0,0.0,68.9,
2019-01-15,4256.0,0.0,72.2,
2019-01-16,4254.0,0.0,72.3,
2019-01-17,4120.0,0.0,72.2,
2019-01-18,4248.0,0.0,73.9,
2019-01-19,4008.0,0.0,66.2,
2019-01-20,4064.0,0.0,64.6,
2019-01-21,3907.0,0.0,67.9,
2019-01-22,3851.0,0.0,67.7,
2019-01-23,4147.0,0.0,70.8,
2019-01-24,3984.0,0.0,70.4,
2019-01-25,4145.0,0.0,72.5,
2019-01-26,3474.0,0.0,58.6,
2019-01-27,4013.0,0.0,63.7,
2019-01-28,4179.0,0.0,71.8,
2019-01-29,4197.0,0.0,71.7,
2019-01-30,4295.0,0.0,72.7,
2019-01-31,4141.0,0.0,71.6,
2019-02-01,4284.0,0.0,71.3,
2019-02-02,4110.0,0.0,69.2,
2019-02-03,4194.0,0.0,67.0,
2019-02-04,4197.0,0.0,69.1,
2019-02-05,4059.0,0.0,69.4,
2019-02-06,4097.0,0.0,69.1,
2019-02-07,4013.0,0.0,68.7,
2019-02-08,4172.0,0.0,70.0,
2019-02-09,4008.0,0.0,65.8,
2019-02-10,3973.0,0.0,63.1,
2019-02-11,3902.0,0.0,66.8,
2019-02-12,3945.0,0.0,67.1,
2019-02-13,3933.0,0.0,66.5,
2019-02-14,3867.0,0.0,67.0,
2019-02-15,4049.0,0.0,68.5,
2019-02-16,3835.0,0.0,64.9,
2019-02-17,3975.0,0.0,61.6,
2019-02-18,3798.0,0.0,64.2,
2019-02-19,3904.0,0.0,65.0,
2019-02-20,3818.0,0.0,65.3,
2019-02-21,3819.0,0.0,65.0,
2019-02-22,3825.0,0.0,65.6,
2019-02-23,3634.0,0.0,61.1,
2019-02-24,3681.0,0.0,59.2,
2019-02-25,3597.0,0.0,61.4,
2019-02-26,3713.0,0.0,64.1,
2019-02-27,3844.0,0.0,66.1,
2019-02-28,3844.0,0.0,66.1,
2019-03-01,3952.0,0.0,65.4,
2019-03-02,3695.0,0.0,63.0,
2019-03-03,3743.0,0.0,60.2,
2019-03-04,3943.0,0.0,62.0,
2019-03-05,3668.0,0.0,63.2,
2019-03-06,3792.0,0.0,63.8,
2019-03-07,3602.0,0.0,63.3,
2019-03-08,3791.0,0.0,64.0,
2019-03-09,3440.0,0.0,59.8,
2019-03-10,3434.0,0.0,58.1,
2019-03-11,3529.0,0.0,61.2,
2019-03-12,3394.0,0.0,61.4,
2019-03-13,3557.0,0.0,62.2,
2019-03-14,3581.0,0.0,61.4,
2019-03-15,3745.0,0.0,64.2,
2019-03-16,3440.0,0.0,59.4,
2019-03-17,3378.0,0.0,57.5,
2019-03-18,3387.0,0.0,61.6,
2019-03-19,3445.0,0.0,61.7,
2019-03-20,3505.0,0.0,60.1,
2019-03-21,2278.0,0.0,46.1,
2019-03-22,3027.0,0.0,54.4,
2019-03-23,3071.0,0.0,57.9,
2019-03-24,3114.0,0.0,58.2,
2019-03-25,3273.0,0.0,61.7,
2019-03-26,3370.0,0.0,64.3,
2019-03-27,3409.0,0.0,65.9,
2019-03-28,3456.0,0.0,67.4,
2019-03-29,3706.0,0.0,71.8,
2019-03-30,3602.0,0.0,73.9,
2019-03-31,3238.0,0.0,69.1,
2019-04-01,3505.0,0.0,72.0,
2019-04-02,3598.0,0.0,75.0,
2019-04-03,3741.0,0.0,77.3,
2019-04-04,4023.0,0.0,81.3,
2019-04-05,4218.0,0.0,85.6,
2019-04-06,3876.0,0.0,83.9,
2019-04-07,3902.0,0.0,83.6,
2019-04-08,4119.0,0.0,85.6,
2019-04-09,4229.0,0.0,86.9,
2019-04-10,4304.0,0.0,91.0,
2019-04-11,4613.0,0.0,94.4,
2019-04-12,4507.0,0.0,94.8,
2019-04-13,4134.0,0.0,90.0,
2019-04-14,4163.0,0.0,85.5,
2019-04-15,4738.0,0.0,97.2,
2019-04-16,4472.0,0.0,89.2,
2019-04-17,3644.0,0.0,73.7,
2019-04-18,3671.0,0.0,74.4,
2019-04-19,3638.0,0.0,75.2,
2019-04-20,3696.0,0.0,78.7,
2019-04-21,3843.0,0.0,79.2,
2019-04-22,4525.0,0.0,91.9,
2019-04-23,4802.0,0.0,99.3,
2019-04-24,5243.0,0.0,106.7,
2019-04-25,5468.0,0.0,111.4,
2019-04-26,5270.0,0.0,109.7,
2019-04-27,4947.0,0.0,103.2,
2019-04-28,4886.0,0.0,98.7,
2019-04-29,5334.0,0.0,109.3,
2019-04-30,5634.0,0.0,111.9,
2019-05-01,5608.0,0.0,114.2,
2019-05-02,5715.0,0.0,112.7,
2019-05-03,5284.0,0.0,105.0,
2019-05-04,4836.0,0.0,100.5,
2019-05-05,4903.0,0.0,96.4,
2019-05-06,5209.0,0.0,106.7,
2019-05-07,5419.0,0.0,110.7,
2019-05-08,5598.0,0.0,114.5,
2019-05-09,5760.0,0.0,117.1,
2019-05-10,5792.0,0.0,117.5,
2019-05-11,5439.0,0.0,110.5,
2019-05-12,5438.0,0.0,99.6,
2019-05-13,5482.0,0.0,110.5,
2019-05-14,5171.0,0.0,106.0,
2019-05-15,5172.0,0.0,102.7,
2019-05-16,4904.0,0.0,101.8,
2019-05-17,4855.0,0.0,100.9,
2019-05-18,4199.0,0.0,88.4,
2019-05-19,4493.0,0.0,89.8,
2019-05-20,5165.0,0.0,102.8,
2019-05-21,5416.0,0.0,110.8,
2019-05-22,5527.0,0.0,114.0,
2019-05-23,5642.0,0.0,114.5,
2019-05-24,5052.0,0.0,105.5,
2019-05-25,5037.0,0.0,109.2,
2019-05-26,5097.0,0.0,99.9,
2019-05-27,5499.0,0.0,111.8,
2019-05-28,5701.0,0.0,114.9,
2019-05-29,5966.0,0.0,121.6,
2019-05-30,6207.0,0.0,128.1,
2019-05-31,6371.0,0.0,131.6,
2019-06-01,6386.0,0.0,132.2,
2019-06-02,6507.0,0.0,132.7,
2019-06-03,6526.0,0.0,135.5,
2019-06-04,6479.0,0.0,131.8,
2019-06-05,6401.0,0.0,131.2,
2019-06-06,6591.0,0.0,134.4,
2019-06-07,6400.0,0.0,129.2,
2019-06-08,6367.0,0.0,129.0,
2019-06-09,6293.0,0.0,123.8,
2019-06-10,6602.0,0.0,136.7,
2019-06-11,6711.0,0.0,139.1,
2019-06-12,6795.0,0.0,135.2,
2019-06-13,6731.0,0.0,136.1,
2019-06-14,6537.0,0.0,134.7,
2019-06-15,6515.0,0.0,130.7,
2019-06-16,6389.0,0.0,117.9,
2019-06-17,5920.0,0.0,114.8,
2019-06-18,4989.0,0.0,99.3,
2019-06-19,5172.0,0.0,106.4,
2019-06-20,5532.0,0.0,112.0,
2019-06-21,5889.0,0.0,122.7,
2019-06-22,5910.0,0.0,118.5,
2019-06-23,6113.0,0.0,121.0,
2019-06-24,5876.0,0.0,123.2,
2019-06-25,6393.0,0.0,126.1,
2019-06-26,6553.0,0.0,135.1,
2019-06-27,6469.0,0.0,135.2,
2019-06-28,6567.0,0.0,133.5,
2019-06-29,6664.0,0.0,136.7,
2019-06-30,6623.0,0.0,136.0,
2019-07-01,7135.0,0.0,145.2,
2019-07-02,7254.0,0.0,147.1,
2019-07-03,6977.0,0.0,145.3,
2019-07-04,6877.0,0.0,139.2,
2019-07-05,6118.0,0.0,126.4,
2019-07-06,5908.0,0.0,122.3,
2019-07-07,6192.0,0.0,119.6,
2019-07-08,6305.0,0.0,,
2019-07-09,6172.0,0.0,,
2019-07-10,6570.0,0.0,,
2019-07-11,6826.0,0.0,,
2019-07-12,6744.0,0.0,,
2019-07-13,6643.0,0.0,,
2019-07-14,6486.0,0.0,,
2019-07-15,5965.0,0.0,118.5,
2019-07-16,5001.0,0.0,108.0,
2019-07-17,4826.0,0.0,91.6,
2019-07-18,4656.0,0.0,100.6,
2019-07-19,5699.0,0.0,108.6,
2019-07-20,5508.0,0.0,111.1,
2019-07-21,5184.0,0.0,105.6,
2019-07-22,5767.0,0.0,116.6,
2019-07-23,6444.0,0.0,129.0,
2019-07-24,6535.0,0.0,130.4,
2019-07-25,5632.0,0.0,115.2,
2019-07-26,5100.0,0.0,109.3,
2019-07-27,4666.0,0.0,100.7,
2019-07-28,5048.0,0.0,98.9,
2019-07-29,5548.0,0.0,111.8,
2019-07-30,5644.0,0.0,115.6,
2019-07-31,5748.0,0.0,117.9,
2019-08-01,5918.0,0.0,121.9,
2019-08-02,5790.0,0.0,121.7,
2019-08-03,5444.0,0.0,112.2,
2019-08-04,5526.0,0.0,108.0,
2019-08-05,6118.0,0.0,126.4,
2019-08-06,5908.0,0.0,122.3,
2019-08-07,6192.0,0.0,119.6,
2019-08-08,6305.0,0.0,130.2,
2019-08-09,6172.0,0.0,113.4,
2019-08-10,6570.0,0.0,127.8,
2019-08-11,6826.0,0.0,135.5,
2019-08-12,5673.0,0.0,115.5,
2019-08-13,5587.0,0.0,117.8,
2019-08-14,5425.0,0.0,113.9,
2019-08-15,5331.0,0.0,98.7,
2019-08-16,5073.0,0.0,107.7,
2019-08-17,4917.0,0.0,99.2,
2019-08-18,4408.0,0.0,89.1,
2019-08-19,5175.0,0.0,103.8,
2019-08-20,5353.0,0.0,110.9,
2019-08-21,5786.0,0.0,117.8,
2019-08-22,5509.0,0.0,115.7,
2019-08-23,5783.0,0.0,117.0,
2019-08-24,5616.0,0.0,110.1,
2019-08-25,4836.0,0.0,102.1,
2019-08-26,5612.0,0.0,111.7,
2019-08-27,6058.0,0.0,121.6,
2019-08-28,6254.0,0.0,128.0,
2019-08-29,6363.0,0.0,132.7,
2019-08-30,6391.0,0.0,132.6,
2019-08-31,6226.0,0.0,129.7,
2019-09-01,6097.0,0.0,113.9,
2019-09-02,6153.0,0.0,122.8,
2019-09-03,6323.0,0.0,129.2,
2019-09-04,6251.0,0.0,130.3,
2019-09-05,6155.0,0.0,128.7,
2019-09-06,6134.0,0.0,128.5,
2019-09-07,5838.0,0.0,122.2,
2019-09-08,6018.0,0.0,116.7,
2019-09-09,6231.0,0.0,128.5,
2019-09-10,6348.0,0.0,126.9,
2019-09-11,6575.0,0.0,134.9,
2019-09-12,6502.0,0.0,137.2,
2019-09-13,6334.0,0.0,132.6,
2019-09-14,6157.0,0.0,125.3,
2019-09-15,5795.0,0.0,116.2,
2019-09-16,6155.0,0.0,124.6,
2019-09-17,6027.0,0.0,125.1,
2019-09-18,5829.0,0.0,121.0,
2019-09-19,5526.0,0.0,113.9,
2019-09-20,5365.0,0.0,113.4,
2019-09-21,5244.0,0.0,108.1,
2019-09-22,4623.0,0.0,94.0,
2019-09-23,4613.0,0.0,98.5,
2019-09-24,4733.0,0.0,99.3,
2019-09-25,4851.0,0.0,102.4,
2019-09-26,4766.0,0.0,102.6,
2019-09-27,4682.0,0.0,100.9,
2019-09-28,4276.0,0.0,94.6,
2019-09-29,3909.0,0.0,84.7,
2019-09-30,4251.0,0.0,89.2,
2019-10-01,4424.0,0.0,92.8,
2019-10-02,3831.0,0.0,79.5,
2019-10-03,4549.0,0.0,92.6,
2019-10-04,4312.0,0.0,89.4,
2019-10-05,3925.0,0.0,82.2,
2019-10-06,3690.0,0.0,77.8,
2019-10-07,3943.0,0.0,82.5,
2019-10-08,3346.0,0.0,73.1,
2019-10-09,4012.0,0.0,82.8,
2019-10-10,4112.0,0.0,83.2,
2019-10-11,4087.0,0.0,84.9,
2019-10-12,3902.0,0.0,82.5,
2019-10-13,3731.0,0.0,80.2,
2019-10-14,4133.0,0.0,85.8,
2019-10-15,4268.0,0.0,86.0,
2019-10-16,4227.0,0.0,88.3,
2019-10-17,4276.0,0.0,87.9,
2019-10-18,4341.0,0.0,86.4,
2019-10-19,3907.0,0.0,80.7,
2019-10-20,3595.0,0.0,75.3,
2019-10-21,3889.0,0.0,78.4,
2019-10-22,3803.0,0.0,75.9,
2019-10-23,3782.0,0.0,74.2,
2019-10-24,3859.0,0.0,75.9,
2019-10-25,3810.0,0.0,76.0,
2019-10-26,3410.0,0.0,69.1,
2019-10-27,3006.0,0.0,60.8,
2019-10-28,2861.0,0.0,60.3,
2019-10-29,3119.0,0.0,63.2,
2019-10-30,3648.0,0.0,68.4,
2019-10-31,3464.0,0.0,67.6,
2019-11-01,3434.0,0.0,69.0,
2019-11-02,3251.0,0.0,64.8,
2019-11-03,3099.0,0.0,61.2,
2019-11-04,3512.0,0.0,66.3,
2019-11-05,3476.0,0.0,66.4,
2019-11-06,3560.0,0.0,67.6,
2019-11-07,3399.0,0.0,65.5,
2019-11-08,3393.0,0.0,64.9,
2019-11-09,3142.0,0.0,61.4,
2019-11-10,3083.0,0.0,59.6,
2019-11-11,3234.0,0.0,63.2,
2019-11-12,3217.0,0.0,59.9,
2019-11-13,3265.0,0.0,62.0,
2019-11-14,3423.0,0.0,63.2,
2019-11-15,3588.0,0.0,60.6,
2019-11-16,3230.0,0.0,60.4,
2019-11-17,3217.0,0.0,58.5,
2019-11-18,3276.0,0.0,61.5,
2019-11-19,3272.0,0.0,62.6,
2019-11-20,3369.0,0.0,63.6,
2019-11-21,3337.0,0.0,63.4,
2019-11-22,3484.0,0.0,64.0,
2019-11-23,3280.0,0.0,60.4,
2019-11-24,3330.0,0.0,58.0,
2019-11-25,,,,
2019-11-26,,,,
2019-11-27,,,,
2019-11-28,,,,
2019-11-29,,,,
2019-11-30,,,,
2019-12-01,57.2,,,
2019-12-02,3420.0,0.0,60.8,
2019-12-03,3490.0,0.0,62.5,
2019-12-04,3583.0,0.0,62.6,
2019-12-05,3526.0,0.0,63.5,
2019-12-06,3696.0,0.0,65.0,
2019-12-07,3469.0,0.0,62.0,
2019-12-08,3548.0,0.0,59.3,
2019-12-09,3537.0,0.0,62.8,
2019-12-10,3607.0,0.0,62.9,
2019-12-11,3722.0,0.0,65.4,
2019-12-12,3645.0,0.0,64.8,
2019-12-13,3900.0,0.0,66.8,
2019-12-14,3817.0,0.0,63.8,
2019-12-15,3819.0,0.0,62.0,
2019-12-16,3868.0,0.0,67.6,
2019-12-17,4028.0,0.0,70.2,
2019-12-18,4162.0,0.0,70.2,
2019-12-19,4181.0,0.0,73.2,
2019-12-20,4486.0,0.0,74.8,
2019-12-21,4120.0,0.0,70.7,
2019-12-22,4028.0,0.0,70.0,
2019-12-23,4486.0,0.0,74.2,
2019-12-24,4477.0,0.0,76.9,
2019-12-25,4700.0,0.0,76.9,
2019-12-26,4740.0,0.0,79.2,
2019-12-27,4872.0,0.0,82.0,
2019-12-28,4630.0,0.0,80.4,
2019-12-29,4691.0,0.0,78.0,
2019-12-30,5001.0,0.0,85.8,
2019-12-31,5149.0,0.0,85.5,
2020-01-01,5210.0,0.0,83.5,
2020-01-02,4690.0,0.0,79.2,
2020-01-03,4728.0,0.0,76.6,
2020-01-04,4215.0,0.0,71.1,
2020-01-05,4182.0,0.0,69.0,
2020-01-06,4341.0,0.0,73.8,
2020-01-07,4338.0,0.0,74.5,
2020-01-08,4282.0,0.0,74.7,
2020-01-09,4586.0,0.0,77.5,
2020-01-10,4802.0,0.0,79.7,
2020-01-11,4522.0,0.0,72.7,
2020-01-12,4262.0,0.0,69.3,
2020-01-13,4392.0,0.0,74.9,
2020-01-14,4417.0,0.0,74.9,
2020-01-15,4500.0,0.0,75.4,
2020-01-16,4361.0,0.0,76.4,
2020-01-17,4590.0,0.0,77.3,
2020-01-18,4256.0,0.0,73.3,
2020-01-19,4566.0,0.0,71.7,
2020-01-20,4548.0,0.0,77.7,
2020-01-21,4442.0,0.0,75.9,
2020-01-22,4604.0,0.0,76.6,
2020-01-23,4382.0,0.0,75.0,
2020-01-24,4613.0,0.0,76.0,
2020-01-25,4267.0,0.0,71.4,
2020-01-26,3729.0,0.0,60.3,
2020-01-27,4191.0,0.0,69.0,
2020-01-28,4225.0,0.0,72.1,
2020-01-29,4323.0,0.0,71.8,
2020-01-30,4079.0,0.0,71.1,
2020-01-31,4401.0,0.0,73.0,
2020-02-01,4006.0,0.0,68.0,
2020-02-02,4188.0,0.0,67.3,
2020-02-03,4223.0,0.0,70.7,
2020-02-04,4083.0,0.0,69.8,
2020-02-05,4129.0,0.0,71.7,
2020-02-06,4193.0,0.0,70.7,
2020-02-07,4434.0,0.0,73.4,
2020-02-08,3687.0,0.0,62.0,
2020-02-09,4323.0,0.0,72.1,
2020-02-10,4052.0,0.0,68.5,
2020-02-11,4098.0,0.0,69.5,
2020-02-12,4149.0,0.0,68.8,
2020-02-13,3938.0,0.0,66.8,
2020-02-14,4016.0,0.0,66.8,
2020-02-15,3782.0,0.0,62.6,
2020-02-16,3813.0,0.0,61.1,
2020-02-17,3718.0,0.0,62.6,
2020-02-18,3816.0,0.0,64.0,
2020-02-19,3827.0,0.0,65.1,
2020-02-20,3693.0,0.0,63.6,
2020-02-21,4141.0,0.0,64.3,
2020-02-22,3592.0,0.0,60.7,
2020-02-23,3561.0,0.0,59.4,
2020-02-24,3587.0,0.0,63.9,
2020-02-25,3486.0,0.0,63.6,
2020-02-26,3563.0,0.0,63.8,
2020-02-27,3461.0,0.0,62.5,
2020-02-28,3599.0,0.0,63.8,
2020-02-29,3322.0,0.0,60.3,
2020-03-01,3326.0,0.0,57.9,
2020-03-02,3310.0,0.0,61.5,
2020-03-03,3406.0,0.0,62.8,
2020-03-04,3457.0,0.0,63.9,
2020-03-05,3475.0,0.0,62.9,
2020-03-06,3682.0,0.0,64.4,
2020-03-07,3517.0,0.0,59.9,
2020-03-08,3427.0,0.0,58.2,
2020-03-09,3524.0,0.0,58.0,
2020-03-10,2292.0,0.0,45.6,
2020-03-11,3121.0,0.0,53.3,
2020-03-12,3419.0,0.0,58.8,
2020-03-13,3493.0,0.0,61.1,
2020-03-14,3306.0,0.0,58.3,
2020-03-15,3322.0,0.0,54.9,
2020-03-16,3433.0,0.0,59.2,
2020-03-17,3420.0,0.0,60.2,
2020-03-18,3439.0,0.0,60.7,
2020-03-19,3413.0,0.0,60.6,
2020-03-20,3451.0,0.0,63.4,
2020-03-21,3215.0,0.0,59.1,
2020-03-22,2282.0,0.0,46.1,
2020-03-23,2448.0,0.0,48.7,
2020-03-24,2379.0,0.0,46.0,
2020-03-25,2419.0,0.0,46.1,
2020-03-26,2273.0,0.0,44.1,
2020-03-27,2425.0,0.0,44.4,
2020-03-28,2294.0,0.0,42.4,
2020-03-29,2241.0,0.0,41.8,
2020-03-30,2292.0,0.0,43.1,
2020-03-31,2302.0,0.0,42.9,
2020-04-01,2413.0,0.0,44.9,
2020-04-02,2294.0,0.0,43.8,
2020-04-03,2239.0,0.0,43.5,
2020-04-04,2139.0,2.0,44.1,
2020-04-05,2195.0,0.0,44.3,
2020-04-06,2196.0,0.0,45.8,
2020-04-07,2193.0,0.0,47.6,
2020-04-08,2193.0,0.0,46.1,
2020-04-09,2226.0,0.0,47.5,
2020-04-10,2300.0,0.0,48.4,
2020-04-11,2384.0,0.0,50.1,
2020-04-12,2495.0,0.0,52.4,
2020-04-13,2719.0,0.0,56.4,
2020-04-14,3007.0,0.0,60.8,
2020-04-15,2997.0,0.0,62.8,
2020-04-16,3160.0,0.0,63.0,
2020-04-17,3114.0,0.0,65.2,
2020-04-18,3082.0,0.0,62.1,
2020-04-19,2969.0,0.0,57.8,
2020-04-20,2935.0,0.0,59.9,
2020-04-21,2729.0,0.0,56.8,
2020-04-22,2876.0,0.0,58.6,
2020-04-23,2853.0,0.0,59.9,
2020-04-24,3048.0,0.0,59.5,
2020-04-25,3094.0,0.0,62.2,
2020-04-26,3072.0,0.0,57.8,
2020-04-27,2641.0,0.0,51.2,
2020-04-28,2947.0,0.0,58.4,
2020-04-29,3174.0,0.0,63.0,
2020-04-30,3309.0,0.0,66.1,
2020-05-01,3461.0,0.0,69.6,
2020-05-02,3471.0,0.0,68.3,
2020-05-03,3454.0,0.0,64.8,
2020-05-04,3162.0,0.0,61.2,
2020-05-05,3398.0,0.0,65.8,
2020-05-06,3382.0,0.0,68.5,
2020-05-07,3388.0,0.0,65.7,
2020-05-08,3745.0,0.0,71.8,
2020-05-09,4038.0,0.0,75.0,
2020-05-10,4029.0,0.0,69.4,
2020-05-11,3558.0,0.0,67.7,
2020-05-12,3747.0,0.0,71.8,
2020-05-13,3702.0,0.0,73.1,
2020-05-14,3648.0,0.0,72.2,
2020-05-15,3667.0,0.0,72.0,
2020-05-16,3848.0,0.0,73.3,
2020-05-17,3968.0,0.0,75.7,
2020-05-18,4079.0,0.0,78.7,
2020-05-19,4096.0,0.0,81.3,
2020-05-20,4216.0,0.0,82.3,
2020-05-21,4429.0,0.0,84.8,
2020-05-22,4884.0,0.0,91.7,
2020-05-23,5003.0,0.0,95.2,
2020-05-24,5219.0,0.0,98.0,
2020-05-25,5331.0,0.0,101.5,
2020-05-26,5421.0,0.0,106.9,
2020-05-27,5423.0,0.0,110.4,
2020-05-28,5403.0,0.0,105.6,
2020-05-29,4381.0,0.0,88.4,
2020-05-30,4096.0,0.0,73.3,
2020-05-31,4096.0,0.0,73.3,
2020-06-01,3765.0,0.0,74.6,
2020-06-02,4037.0,0.0,81.1,
2020-06-03,4227.0,0.0,85.7,
2020-06-04,4186.0,0.0,85.1,
2020-06-05,3895.0,0.0,81.0,
2020-06-06,4211.0,0.0,80.2,
2020-06-07,4192.0,0.0,79.8,
2020-06-08,4583.0,0.0,88.0,
2020-06-09,5095.0,0.0,97.5,
2020-06-10,5180.0,0.0,103.8,
2020-06-11,5514.0,0.0,107.4,
2020-06-12,5558.0,0.0,113.1,
2020-06-13,5500.0,0.0,103.9,
2020-06-14,5443.0,0.0,101.8,
2020-06-15,5686.0,0.0,111.7,
2020-06-16,5860.0,0.0,116.7,
2020-06-17,5981.0,0.0,120.2,
2020-06-18,6028.0,0.0,120.5,
2020-06-19,6236.0,0.0,126.0,
2020-06-20,6065.0,0.0,107.3,
2020-06-21,5214.0,0.0,97.9,
2020-06-22,5351.0,0.0,101.9,
2020-06-23,5457.0,0.0,107.3,
2020-06-24,5318.0,0.0,107.3,
2020-06-25,5328.0,0.0,106.6,
2020-06-26,5371.0,0.0,108.4,
2020-06-27,5556.0,0.0,106.6,
2020-06-28,6086.0,0.0,112.5,
2020-06-29,6234.0,0.0,119.8,
2020-06-30,5888.0,0.0,116.0,
2020-07-01,5954.0,0.0,120.0,
2020-07-02,6164.0,0.0,125.9,
2020-07-03,6291.0,0.0,128.0,
2020-07-04,5953.0,0.0,118.5,
2020-07-05,5811.0,0.0,95.9,
2020-07-06,5079.0,0.0,104.7,
2020-07-07,4894.0,0.0,99.9,
2020-07-08,4890.0,0.0,98.9,
2020-07-09,5647.0,0.0,107.4,
2020-07-10,5740.0,0.0,116.1,
2020-07-11,5507.0,0.0,104.7,
2020-07-12,5427.0,0.0,96.3,
2020-07-13,5414.0,0.0,97.8,
2020-07-14,5919.0,0.0,115.6,
2020-07-15,5726.0,0.0,118.6,
2020-07-16,5695.0,0.0,116.0,
2020-07-17,5736.0,0.0,117.8,
2020-07-18,5611.0,0.0,113.7,
2020-07-19,5457.0,0.0,101.8,
2020-07-20,5030.0,0.0,99.7,
2020-07-21,4485.0,0.0,88.6,
2020-07-22,3866.0,0.0,84.8,
2020-07-23,4453.0,0.0,88.2,
2020-07-24,4744.0,0.0,96.4,
2020-07-25,4832.0,0.0,96.3,
2020-07-26,,,,
2020-07-27,,,,
2020-07-28,,,,
2020-07-29,,,,
2020-07-30,,,,
2020-07-31,,,,
2020-08-01,,,,
2020-08-02,101.6,,,
2020-08-03,5415.0,0.0,105.1,
2020-08-04,5708.0,0.0,113.2,
2020-08-05,5596.0,0.0,115.7,
2020-08-06,5504.0,0.0,111.7,
2020-08-07,5582.0,0.0,113.3,
2020-08-08,5722.0,0.0,113.7,
2020-08-09,5610.0,0.0,107.3,
2020-08-10,5428.0,0.0,112.0,
2020-08-11,5459.0,0.0,113.1,
2020-08-12,5323.0,0.0,111.0,
2020-08-13,5009.0,0.0,99.0,
2020-08-14,4655.0,0.0,97.5,
2020-08-15,4713.0,0.0,89.4,
2020-08-16,5177.0,0.0,99.2,
2020-08-17,5168.0,0.0,108.5,
2020-08-18,5025.0,0.0,108.0,
2020-08-19,4829.0,0.0,95.5,
2020-08-20,4105.0,0.0,87.9,
2020-08-21,4365.0,0.0,90.0,
2020-08-22,4438.0,0.0,91.6,
2020-08-23,4424.0,0.0,91.4,
2020-08-24,4474.0,0.0,96.1,
2020-08-25,4630.0,0.0,97.2,
2020-08-26,4866.0,0.0,100.5,
2020-08-27,5145.0,0.0,102.3,
2020-08-28,5091.0,0.0,103.2,
2020-08-29,4920.0,0.0,96.7,
2020-08-30,4796.0,0.0,90.6,
2020-08-31,4430.0,0.0,93.3,
2020-09-01,4785.0,0.0,97.5,
2020-09-02,5140.0,0.0,102.1,
2020-09-03,5240.0,0.0,108.4,
2020-09-04,5294.0,0.0,110.7,
2020-09-05,5151.0,0.0,104.4,
2020-09-06,4932.0,0.0,96.3,
2020-09-07,4877.0,0.0,104.2,
2020-09-08,5287.0,0.0,105.9,
2020-09-09,5424.0,0.0,113.1,
2020-09-10,5578.0,0.0,114.3,
2020-09-11,5644.0,0.0,116.7,
2020-09-12,5513.0,0.0,112.3,
2020-09-13,5631.0,0.0,110.8,
2020-09-14,5762.0,0.0,120.5,
2020-09-15,5922.0,0.0,120.5,
2020-09-16,6030.0,0.0,123.9,
2020-09-17,6040.0,0.0,124.6,
2020-09-18,6218.0,0.0,126.5,
2020-09-19,6073.0,0.0,123.5,
2020-09-20,5940.0,0.0,116.5,
2020-09-21,6063.0,0.0,123.9,
2020-09-22,6044.0,0.0,125.2,
2020-09-23,5895.0,0.0,122.2,
2020-09-24,5763.0,0.0,119.3,
2020-09-25,5607.0,0.0,116.6,
2020-09-26,5497.0,0.0,106.0,
2020-09-27,4832.0,0.0,96.6,
2020-09-28,4920.0,0.0,104.2,
2020-09-29,4861.0,0.0,105.4,
2020-09-30,4745.0,0.0,102.4,
2020-10-01,4765.0,0.0,100.6,
2020-10-02,4563.0,0.0,87.1,
2020-10-03,4324.0,0.0,91.9,
2020-10-04,4113.0,0.0,85.3,
2020-10-05,4251.0,0.0,90.3,
2020-10-06,4147.0,0.0,89.1,
2020-10-07,4237.0,0.0,90.8,
2020-10-08,4259.0,0.0,90.1,
2020-10-09,4204.0,0.0,89.4,
2020-10-10,4040.0,0.0,86.7,
2020-10-11,3764.0,0.0,81.6,
2020-10-12,4149.0,0.0,86.7,
2020-10-13,4231.0,0.0,91.2,
2020-10-14,4394.0,0.0,93.1,
2020-10-15,4186.0,0.0,88.9,
2020-10-16,4004.0,0.0,84.1,
2020-10-17,3689.0,0.0,76.5,
2020-10-18,3412.0,0.0,69.7,
2020-10-19,3780.0,0.0,75.8,
2020-10-20,3726.0,0.0,74.6,
2020-10-21,3793.0,0.0,76.0,
2020-10-22,3791.0,0.0,75.9,
2020-10-23,3673.0,0.0,74.4,
2020-10-24,3462.0,0.0,70.8,
2020-10-25,3001.0,0.0,62.6,
2020-10-26,3570.0,0.0,70.1,
2020-10-27,3515.0,0.0,68.2,
2020-10-28,3511.0,0.0,66.6,
2020-10-29,3474.0,0.0,66.7,
2020-10-30,3503.0,0.0,65.8,
2020-10-31,3229.0,0.0,63.2,
2020-11-01,3114.0,0.0,59.5,
2020-11-02,3364.0,0.0,63.4,
2020-11-03,3422.0,0.0,64.7,
2020-11-04,3605.0,0.0,64.7,
2020-11-05,3431.0,0.0,62.8,
2020-11-06,3546.0,0.0,65.0,
2020-11-07,3263.0,0.0,61.6,
2020-11-08,3315.0,0.0,59.8,
2020-11-09,3461.0,0.0,63.2,
2020-11-10,3472.0,0.0,63.0,
2020-11-11,3487.0,0.0,64.4,
2020-11-12,3395.0,0.0,62.8,
2020-11-13,3513.0,0.0,61.6,
2020-11-14,2865.0,0.0,54.4,
2020-11-15,2545.0,0.0,49.5,
2020-11-16,3116.0,0.0,54.0,
2020-11-17,3115.0,0.0,58.2,
2020-11-18,3371.0,0.0,59.7,
2020-11-19,3350.0,0.0,61.4,
2020-11-20,3566.0,0.0,61.8,
2020-11-21,3302.0,0.0,59.0,
2020-11-22,3373.0,0.0,58.7,
2020-11-23,3535.0,0.0,62.0,
2020-11-24,3541.0,0.0,62.6,
2020-11-25,3657.0,0.0,64.3,
2020-11-26,3470.0,0.0,61.8,
2020-11-27,3701.0,0.0,63.4,
2020-11-28,3378.0,0.0,59.8,
2020-11-29,3470.0,0.0,58.1,
2020-11-30,3368.0,0.0,60.0,
2020-12-01,3486.0,0.0,61.2,
2020-12-02,3633.0,0.0,63.3,
2020-12-03,3368.0,0.0,59.9,
2020-12-04,3679.0,0.0,63.7,
2020-12-05,3439.0,0.0,61.1,
2020-12-06,3445.0,0.0,58.6,
2020-12-07,3570.0,0.0,61.9,
2020-12-08,3516.0,4.0,62.1,
2020-12-09,3604.0,0.0,62.6,
2020-12-10,3492.0,0.0,62.6,
2020-12-11,3668.0,0.0,60.3,
2020-12-12,3297.0,0.0,58.4,
2020-12-13,3533.0,0.0,59.0,
2020-12-14,3659.0,0.0,63.3,
2020-12-15,3882.0,0.0,64.8,
2020-12-16,4135.0,0.0,69.6,
2020-12-17,4283.0,0.0,71.6,
2020-12-18,4584.0,0.0,75.0,
2020-12-19,4106.0,0.0,68.1,
2020-12-20,4023.0,0.0,64.2,
2020-12-21,4179.0,0.0,68.9,
2020-12-22,4222.0,0.0,70.1,
2020-12-23,4324.0,0.0,71.1,
2020-12-24,4222.0,0.0,69.7,
2020-12-25,4376.0,0.0,70.6,
2020-12-26,4042.0,0.0,67.4,
2020-12-27,4041.0,0.0,65.1,
2020-12-28,4229.0,0.0,69.2,
2020-12-29,4376.0,0.0,70.6,
2020-12-30,4608.0,0.0,76.0,
2020-12-31,4634.0,0.0,76.0,
2021-01-01,4918.0,1.0,77.0,
2021-01-02,4233.0,0.0,70.5,
2021-01-03,4046.0,0.0,67.9,
2021-01-04,4413.0,0.0,73.2,
2021-01-05,4186.0,0.0,70.5,
2021-01-06,4305.0,0.0,71.6,
2021-01-07,4207.0,0.0,70.6,
2021-01-08,4503.0,0.0,73.8,
2021-01-09,4124.0,0.0,68.3,
2021-01-10,4184.0,0.0,67.9,
2021-01-11,4541.0,0.0,74.6,
2021-01-12,4628.0,0.0,76.0,
2021-01-13,4756.0,0.0,76.6,
2021-01-14,4723.0,0.0,77.5,
2021-01-15,4736.0,0.0,77.2,
2021-01-16,4456.0,0.0,72.5,
2021-01-17,4604.0,0.0,74.0,
2021-01-18,4727.0,0.0,76.2,
2021-01-19,4633.0,0.0,75.6,
2021-01-20,4735.0,0.0,76.7,
2021-01-21,4618.0,0.0,73.3,
2021-01-22,4854.0,0.0,77.1,
2021-01-23,4410.0,0.0,72.4,
2021-01-24,4490.0,0.0,72.9,
2021-01-25,4785.0,0.0,75.1,
2021-01-26,3801.0,0.0,62.6,
2021-01-27,4579.0,0.0,72.3,
2021-01-28,4564.0,0.0,74.6,
2021-01-29,4673.0,0.0,74.2,
2021-01-30,4344.0,0.0,71.6,
2021-01-31,4350.0,0.0,68.3,
2021-02-01,4385.0,0.0,69.7,
2021-02-02,4297.0,0.0,69.3,
2021-02-03,4244.0,0.0,68.4,
2021-02-04,4061.0,0.0,68.6,
2021-02-05,4420.0,0.0,70.4,
2021-02-06,4014.0,0.0,64.1,
2021-02-07,3970.0,0.0,63.0,
2021-02-08,4094.0,0.0,66.0,
2021-02-09,4089.0,0.0,65.7,
2021-02-10,3981.0,0.0,65.5,
2021-02-11,3851.0,0.0,65.0,
2021-02-12,4043.0,0.0,66.4,
2021-02-13,3804.0,0.0,61.4,
2021-02-14,3696.0,0.0,59.0,
2021-02-15,3718.0,0.0,61.6,
2021-02-16,3751.0,0.0,62.7,
2021-02-17,3691.0,0.0,62.1,
2021-02-18,3664.0,0.0,62.5,
2021-02-19,3855.0,0.0,64.7,
2021-02-20,3549.0,0.0,59.5,
2021-02-21,3513.0,0.0,58.4,
2021-02-22,3620.0,0.0,60.8,
2021-02-23,3539.0,0.0,62.1,
2021-02-24,3625.0,0.0,62.8,
2021-02-25,3536.0,0.0,62.3,
2021-02-26,3638.0,0.0,65.4,
2021-02-27,3326.0,0.0,61.3,
2021-02-28,3257.0,0.0,59.2,
2021-03-01,3404.0,0.0,62.1,
2021-03-02,3434.0,0.0,61.8,
2021-03-03,3494.0,0.0,62.8,
2021-03-04,3434.0,0.0,62.6,
2021-03-05,3607.0,0.0,65.4,
2021-03-06,3241.0,0.0,61.1,
2021-03-07,3209.0,0.0,59.9,
2021-03-08,3439.0,0.0,65.4,
2021-03-09,3528.0,0.0,68.1,
2021-03-10,3584.0,0.0,67.9,
2021-03-11,3534.0,0.0,69.2,
2021-03-12,3623.0,0.0,69.0,
2021-03-13,3287.0,0.0,63.9,
2021-03-14,3259.0,0.0,63.0,
2021-03-15,3498.0,0.0,68.5,
2021-03-16,3502.0,0.0,69.1,
2021-03-17,3570.0,0.0,70.4,
2021-03-18,3532.0,0.0,70.0,
2021-03-19,3705.0,0.0,73.5,
2021-03-20,3423.0,0.0,69.9,
2021-03-21,3295.0,0.0,67.0,
2021-03-22,3596.0,0.0,72.8,
2021-03-23,3591.0,0.0,71.2,
2021-03-24,3583.0,0.0,70.2,
2021-03-25,3496.0,0.0,70.0,
2021-03-26,3603.0,0.0,69.2,
2021-03-27,3332.0,0.0,68.2,
2021-03-28,3159.0,0.0,65.0,
2021-03-29,2728.0,0.0,56.3,
2021-03-30,3374.0,0.0,70.2,
2021-03-31,3570.0,0.0,73.6,
2021-04-01,3483.0,0.0,72.2,
2021-04-02,3503.0,0.0,71.0,
2021-04-03,3289.0,0.0,68.3,
2021-04-04,3215.0,0.0,68.0,
2021-04-05,3736.0,0.0,76.8,
2021-04-06,3861.0,0.0,80.7,
2021-04-07,3945.0,0.0,81.7,
2021-04-08,3805.0,0.0,79.9,
2021-04-09,3860.0,0.0,79.5,
2021-04-10,3553.0,0.0,76.9,
2021-04-11,3456.0,0.0,75.5,
2021-04-12,4012.0,0.0,83.6,
2021-04-13,4064.0,0.0,85.8,
2021-04-14,4013.0,0.0,85.9,
2021-04-15,4283.0,0.0,88.7,
2021-04-16,4282.0,0.0,86.0,
2021-04-17,3203.0,0.0,66.4,
2021-04-18,3315.0,0.0,67.6,
2021-04-19,3788.0,0.0,79.9,
2021-04-20,3491.0,0.0,69.5,
2021-04-21,2980.0,0.0,64.2,
2021-04-22,2986.0,0.0,64.5,
2021-04-23,2909.0,0.0,64.0,
2021-04-24,2746.0,0.0,59.7,
2021-04-25,2937.0,0.0,61.1,
2021-04-26,3228.0,0.0,66.3,
2021-04-27,3587.0,0.0,70.8,
2021-04-28,3818.0,0.0,76.1,
2021-04-29,3940.0,0.0,79.1,
2021-04-30,3936.0,0.0,80.1,
2021-05-01,3991.0,0.0,79.7,
2021-05-02,4023.0,0.0,80.0,
2021-05-03,4162.0,0.0,81.9,
2021-05-04,4237.0,0.0,83.9,
2021-05-05,4444.0,0.0,84.6,
2021-05-06,4418.0,0.0,80.5,
2021-05-07,3715.0,0.0,72.8,
2021-05-08,3822.0,0.0,74.3,
2021-05-09,3860.0,0.0,75.6,
2021-05-10,3826.0,0.0,74.6,
2021-05-11,3970.0,0.0,77.9,
2021-05-12,4010.0,0.0,77.7,
2021-05-13,3854.0,0.0,71.6,
2021-05-14,3775.0,0.0,73.0,
2021-05-15,3756.0,0.0,72.8,
2021-05-16,4045.0,0.0,73.6,
2021-05-17,4144.0,0.0,79.3,
2021-05-18,4161.0,0.0,74.1,
2021-05-19,3266.0,0.0,60.6,
2021-05-20,2693.0,0.0,55.2,
2021-05-21,2757.0,0.0,58.9,
2021-05-22,2913.0,0.0,58.4,
2021-05-23,2849.0,0.0,60.4,
2021-05-24,3202.0,0.0,62.9,
2021-05-25,3564.0,0.0,69.2,
2021-05-26,4004.0,0.0,70.4,
2021-05-27,4400.0,0.0,81.6,
2021-05-28,4824.0,0.0,88.7,
2021-05-29,4743.0,0.0,86.1,
2021-05-30,4500.0,0.0,83.7,
2021-05-31,4882.0,0.0,90.0,
2021-06-01,4596.0,0.0,75.3,
2021-06-02,4081.0,0.0,81.8,
2021-06-03,4686.0,0.0,88.3,
2021-06-04,4614.0,0.0,91.3,
2021-06-05,4010.0,0.0,82.1,
2021-06-06,5519.0,0.0,104.2,
2021-06-07,5519.0,0.0,104.2,
2021-06-08,5858.0,0.0,113.7,
2021-06-09,6270.0,0.0,122.8,
2021-06-10,6412.0,0.0,128.6,
2021-06-11,5819.0,0.0,114.2,
2021-06-12,5721.0,0.0,110.2,
2021-06-13,5057.0,0.0,97.3,
2021-06-14,5677.0,0.0,110.2,
2021-06-15,5771.0,0.0,113.2,
2021-06-16,5237.0,0.0,107.7,
2021-06-17,5265.0,0.0,108.5,
2021-06-18,5316.0,0.0,109.0,
2021-06-19,5066.0,0.0,102.8,
2021-06-20,4922.0,0.0,97.3,
2021-06-21,5676.0,0.0,110.9,
2021-06-22,5947.0,0.0,117.3,
2021-06-23,6316.0,0.0,123.7,
2021-06-24,6488.0,0.0,125.6,
2021-06-25,6013.0,0.0,117.3,
2021-06-26,5679.0,0.0,112.2,
2021-06-27,6069.0,0.0,114.3,
2021-06-28,6403.0,0.0,128.9,
2021-06-29,6522.0,0.0,132.4,
2021-06-30,6824.0,0.0,135.9,
2021-07-01,6937.0,0.0,141.8,
2021-07-02,7244.0,0.0,141.0,
2021-07-03,6103.0,0.0,119.1,
2021-07-04,5963.0,0.0,114.1,
2021-07-05,6437.0,0.0,127.5,
2021-07-06,6743.0,0.0,134.7,
2021-07-07,7045.0,0.0,142.3,
2021-07-08,7157.0,0.0,141.9,
2021-07-09,6781.0,0.0,135.9,
2021-07-10,6645.0,0.0,135.0,
2021-07-11,6559.0,0.0,131.8,
2021-07-12,6417.0,0.0,129.8,
2021-07-13,6088.0,0.0,119.9,
2021-07-14,5312.0,0.0,108.3,
2021-07-15,5667.0,0.0,111.9,
2021-07-16,6313.0,0.0,125.9,
2021-07-17,6253.0,0.0,129.3,
2021-07-18,6045.0,0.0,120.6,
2021-07-19,5357.0,0.0,100.8,
2021-07-20,4977.0,0.0,98.2,
2021-07-21,5275.0,0.0,100.2,
2021-07-22,5325.0,0.0,110.7,
2021-07-23,5536.0,0.0,113.5,
2021-07-24,5374.0,0.0,113.4,
2021-07-25,6007.0,0.0,116.3,
2021-07-26,5854.0,0.0,123.7,
2021-07-27,5585.0,0.0,113.7,
2021-07-28,4907.0,0.0,102.4,
2021-07-29,4894.0,0.0,101.4,
2021-07-30,4904.0,0.0,101.9,
2021-07-31,4933.0,0.0,100.3,
2021-08-01,4819.0,0.0,96.4,
2021-08-02,4866.0,0.0,104.8,
2021-08-03,5100.0,0.0,107.4,
2021-08-04,5223.0,0.0,109.2,
2021-08-05,5422.0,0.0,115.0,
2021-08-06,5677.0,0.0,118.9,
2021-08-07,5524.0,0.0,112.1,
2021-08-08,5060.0,0.0,101.1,
2021-08-09,5132.0,0.0,105.3,
2021-08-10,5546.0,0.0,111.7,
2021-08-11,5705.0,0.0,116.6,
2021-08-12,5903.0,0.0,119.9,
2021-08-13,5997.0,0.0,122.0,
2021-08-14,5897.0,0.0,117.6,
2021-08-15,5817.0,0.0,107.2,
2021-08-16,6337.0,0.0,124.5,
2021-08-17,6513.0,0.0,133.9,
2021-08-18,6453.0,0.0,134.6,
2021-08-19,6368.0,0.0,135.0,
2021-08-20,6082.0,0.0,116.3,
2021-08-21,4855.0,0.0,101.4,
2021-08-22,4813.0,0.0,95.0,
2021-08-23,5502.0,0.0,110.5,
2021-08-24,5766.0,0.0,119.9,
2021-08-25,5775.0,0.0,118.8,
2021-08-26,5559.0,0.0,117.1,
2021-08-27,5711.0,0.0,117.9,
2021-08-28,5602.0,0.0,114.7,
2021-08-29,5325.0,0.0,109.2,
2021-08-30,5129.0,0.0,105.9,
2021-08-31,4910.0,0.0,104.6,
2021-09-01,4288.0,0.0,92.2,
2021-09-02,4664.0,0.0,95.9,
2021-09-03,5130.0,0.0,102.7,
2021-09-04,4493.0,0.0,97.9,
2021-09-05,4819.0,0.0,96.4,
2021-09-06,5496.0,0.0,111.9,
2021-09-07,5481.0,0.0,114.1,
2021-09-08,5198.0,0.0,109.1,
2021-09-09,5101.0,0.0,109.5,
2021-09-10,5064.0,0.0,107.7,
2021-09-11,4517.0,0.0,89.3,
2021-09-12,4009.0,0.0,85.2,
2021-09-13,4820.0,0.0,95.2,
2021-09-14,4740.0,0.0,97.1,
2021-09-15,4838.0,0.0,101.3,
2021-09-16,4570.0,0.0,97.5,
2021-09-17,4570.0,0.0,97.5,
2021-09-18,4301.0,0.0,91.2,
2021-09-19,4567.0,0.0,93.0,
2021-09-20,5085.0,0.0,106.5,
2021-09-21,5209.0,0.0,108.4,
2021-09-22,4603.0,0.0,100.3,
2021-09-23,4811.0,0.0,98.9,
2021-09-24,4759.0,0.0,97.6,
2021-09-25,4376.0,0.0,94.5,
2021-09-26,4270.0,0.0,90.2,
2021-09-27,4877.0,0.0,102.6,
2021-09-28,5063.0,0.0,107.5,
2021-09-29,5118.0,0.0,109.7,
2021-09-30,5174.0,0.0,110.6,
2021-10-01,5150.0,0.0,111.5,
2021-10-02,4993.0,0.0,97.9,
2021-10-03,5053.0,0.0,101.6,
2021-10-04,5328.0,0.0,111.0,
2021-10-05,5349.0,0.0,112.4,
2021-10-06,5189.0,0.0,111.0,
2021-10-07,4979.0,0.0,107.0,
2021-10-08,4839.0,0.0,103.8,
2021-10-09,4569.0,0.0,96.9,
2021-10-10,4536.0,0.0,94.2,
2021-10-11,4683.0,0.0,101.9,
2021-10-12,4707.0,0.0,101.5,
2021-10-13,4382.0,0.0,95.4,
2021-10-14,4160.0,0.0,89.0,
2021-10-15,3517.0,0.0,78.3,
2021-10-16,4084.0,0.0,84.5,
2021-10-17,3784.0,0.0,80.1,
2021-10-18,3694.0,0.0,75.4,
2021-10-19,3644.0,0.0,72.5,
2021-10-20,3806.0,0.0,75.0,
2021-10-21,3750.0,0.0,72.7,
2021-10-22,3794.0,0.0,74.2,
2021-10-23,3574.0,0.0,73.3,
2021-10-24,3441.0,0.0,68.5,
2021-10-25,3467.0,0.0,68.9,
2021-10-26,3482.0,0.0,68.2,
2021-10-27,3501.0,0.0,66.6,
2021-10-28,3404.0,0.0,65.0,
2021-10-29,3524.0,0.0,66.3,
2021-10-30,3235.0,0.0,61.3,
2021-10-31,3180.0,0.0,60.9,
2021-11-01,3407.0,0.0,65.4,
2021-11-02,3424.0,0.0,65.3,
2021-11-03,3389.0,0.0,63.0,
2021-11-04,2710.0,0.0,55.7,
2021-11-05,2660.0,0.0,51.8,
2021-11-06,2869.0,0.0,52.0,
2021-11-07,2914.0,0.0,54.8,
2021-11-08,3261.0,0.0,60.0,
2021-11-09,3290.0,0.0,62.7,
2021-11-10,3425.0,0.0,60.8,
2021-11-11,3267.0,0.0,61.4,
2021-11-12,3502.0,0.0,62.7,
2021-11-13,3244.0,0.0,58.8,
2021-11-14,3260.0,0.0,57.7,
2021-11-15,3416.0,0.0,60.9,
2021-11-16,3396.0,0.0,60.6,
2021-11-17,3531.0,0.0,63.5,
2021-11-18,3477.0,0.0,62.2,
2021-11-19,3584.0,0.0,61.8,
2021-11-20,3359.0,0.0,58.1,
2021-11-21,3371.0,0.0,59.0,
2021-11-22,3463.0,0.0,60.9,
2021-11-23,3518.0,0.0,61.9,
2021-11-24,3554.0,0.0,62.2,
2021-11-25,3524.0,0.0,62.3,
2021-11-26,3756.0,0.0,64.0,
2021-11-27,3400.0,0.0,60.4,
2021-11-28,3450.0,0.0,58.8,
2021-11-29,3567.0,0.0,61.7,
2021-11-30,3538.0,0.0,62.5,
2021-12-01,3676.0,0.0,63.1,
2021-12-02,3673.0,0.0,63.3,
2021-12-03,3912.0,0.0,64.2,
2021-12-04,3498.0,0.0,60.8,
2021-12-05,3527.0,0.0,58.9,
2021-12-06,3608.0,0.0,62.2,
2021-12-07,3583.0,0.0,63.8,
2021-12-08,3714.0,0.0,64.3,
2021-12-09,3648.0,0.0,64.4,
2021-12-10,3899.0,0.0,66.0,
2021-12-11,3625.0,0.0,63.3,
2021-12-12,3632.0,0.0,60.1,
2021-12-13,3817.0,0.0,64.9,
2021-12-14,3823.0,0.0,64.0,
2021-12-15,3985.0,0.0,66.3,
2021-12-16,3926.0,0.0,67.0,
2021-12-17,4238.0,0.0,69.3,
2021-12-18,3980.0,0.0,66.8,
2021-12-19,4080.0,0.0,63.9,
2021-12-20,4327.0,0.0,72.1,
2021-12-21,4285.0,0.0,72.4,
2021-12-22,4424.0,0.0,71.9,
2021-12-23,4339.0,0.0,72.0,
2021-12-24,4548.0,0.0,73.3,
2021-12-25,4107.0,0.0,68.0,
2021-12-26,4044.0,0.0,64.7,
2021-12-27,4290.0,0.0,67.5,
2021-12-28,4171.0,0.0,70.7,
2021-12-29,4333.0,0.0,70.1,
2021-12-30,4218.0,0.0,69.5,
2021-12-31,4583.0,0.0,74.0,
2022-01-01,4470.0,0.0,70.5,
2022-01-02,4034.0,0.0,66.3,
2022-01-03,4467.0,0.0,71.8,
2022-01-04,4441.0,0.0,70.0,
2022-01-05,4322.0,0.0,73.4,
2022-01-06,4269.0,0.0,71.2,
2022-01-07,4559.0,0.0,72.0,
2022-01-08,3345.0,0.0,58.0,
2022-01-09,3760.0,0.0,59.9,
2022-01-10,4573.0,0.0,72.4,
2022-01-11,4505.0,0.0,73.6,
2022-01-12,4615.0,0.0,73.1,
2022-01-13,4577.0,0.0,75.3,
2022-01-14,5087.0,0.0,79.5,
2022-01-15,4045.0,0.0,66.9,
2022-01-16,4125.0,0.0,66.4,
2022-01-17,4823.0,0.0,78.0,
2022-01-18,4898.0,0.0,79.8,
2022-01-19,4950.0,0.0,79.6,
2022-01-20,4788.0,0.0,77.7,
2022-01-21,5040.0,0.0,79.1,
2022-01-22,4151.0,0.0,67.0,
2022-01-23,4151.0,0.0,67.0,
2022-01-24,4828.0,0.0,78.1,
2022-01-25,4918.0,0.0,80.7,
2022-01-26,4187.0,0.0,69.2,
2022-01-27,4708.0,0.0,75.8,
2022-01-28,4997.0,0.0,78.4,
2022-01-29,4330.0,0.0,71.8,
2022-01-30,4341.0,0.0,68.6,
2022-01-31,4489.0,0.0,71.6,
2022-02-01,4572.0,0.0,73.5,
2022-02-02,4648.0,0.0,73.4,
2022-02-03,4520.0,0.0,76.1,
2022-02-04,4796.0,0.0,77.4,
2022-02-05,4626.0,0.0,72.7,
2022-02-06,4236.0,0.0,67.5,
2022-02-07,4361.0,0.0,69.2,
2022-02-08,4116.0,0.0,69.6,
2022-02-09,4196.0,0.0,69.0,
2022-02-10,4117.0,0.0,67.8,
2022-02-11,4321.0,0.0,69.3,
2022-02-12,3930.0,0.0,64.1,
2022-02-13,3851.0,0.0,61.5,
2022-02-14,3939.0,0.0,65.1,
2022-02-15,3917.0,0.0,65.4,
2022-02-16,3985.0,0.0,65.6,
2022-02-17,3819.0,0.0,64.3,
2022-02-18,3959.0,0.0,65.6,
2022-02-19,3560.0,0.0,61.0,
2022-02-20,3649.0,0.0,59.4,
2022-02-21,3705.0,0.0,61.4,
2022-02-22,3756.0,0.0,63.2,
2022-02-23,3871.0,0.0,65.1,
2022-02-24,3759.0,0.0,64.4,
2022-02-25,3858.0,0.0,65.5,
2022-02-26,3545.0,0.0,61.8,
2022-02-27,3577.0,0.0,59.0,
2022-02-28,3667.0,0.0,63.1,
2022-03-01,3946.0,0.0,61.0,
2022-03-02,3624.0,0.0,63.2,
2022-03-03,3655.0,0.0,64.9,
2022-03-04,3796.0,0.0,65.3,
2022-03-05,3428.0,0.0,60.4,
2022-03-06,3532.0,0.0,59.9,
2022-03-07,3673.0,0.0,63.9,
2022-03-08,3574.0,0.0,65.6,
2022-03-09,3589.0,0.0,63.3,
2022-03-10,3594.0,0.0,65.8,
2022-03-11,3660.0,0.0,67.0,
2022-03-12,3394.0,0.0,63.8,
2022-03-13,3354.0,0.0,62.4,
2022-03-14,3673.0,0.0,63.9,
2022-03-15,3574.0,0.0,65.6,
2022-03-16,3589.0,0.0,63.3,
2022-03-17,3594.0,0.0,65.8,
2022-03-18,3660.0,0.0,67.0,
2022-03-19,3394.0,0.0,63.8,
2022-03-20,3354.0,0.0,62.4,
2022-03-21,,,,
2022-03-22,,,,
2022-03-23,,,,
2022-03-24,,,,
2022-03-25,,,,
2022-03-26,,,,
2022-03-27,77.4,,,
2022-03-28,4025.0,0.0,84.7,
2022-03-29,4241.0,0.0,89.1,
2022-03-30,4445.0,0.0,92.6,
2022-03-31,4588.0,0.0,94.9,
2022-04-01,4416.0,0.0,93.2,
2022-04-02,4111.0,0.0,89.7,
2022-04-03,4184.0,0.0,87.3,
2022-04-04,4494.0,0.0,94.5,
2022-04-05,4590.0,0.0,95.7,
2022-04-06,4675.0,0.0,97.9,
2022-04-07,4857.0,0.0,99.4,
2022-04-08,4999.0,0.0,101.9,
2022-04-09,4803.0,0.0,100.7,
2022-04-10,4936.0,0.0,98.5,
2022-04-11,5390.0,0.0,108.8,
2022-04-12,5197.0,0.0,110.0,
2022-04-13,5224.0,0.0,108.8,
2022-04-14,5057.0,0.0,105.5,
2022-04-15,4975.0,0.0,104.7,
2022-04-16,4974.0,0.0,103.3,
2022-04-17,5146.0,0.0,101.7,
2022-04-18,5584.0,0.0,112.6,
2022-04-19,5628.0,0.0,115.6,
2022-04-20,5652.0,0.0,116.0,
2022-04-21,5632.0,0.0,112.2,
2022-04-22,5310.0,0.0,98.4,
2022-04-23,5082.0,0.0,104.9,
2022-04-24,5194.0,0.0,101.7,
2022-04-25,5525.0,0.0,111.3,
2022-04-26,5602.0,0.0,113.9,
2022-04-27,5739.0,0.0,116.6,
2022-04-28,5942.0,0.0,121.2,
2022-04-29,6096.0,0.0,123.7,
2022-04-30,5970.0,0.0,121.5,
2022-05-01,5993.0,0.0,117.7,
2022-05-02,6123.0,0.0,125.4,
2022-05-03,6197.0,0.0,123.5,
2022-05-04,6121.0,0.0,118.5,
2022-05-05,5371.0,0.0,103.8,
2022-05-06,5463.0,0.0,113.3,
2022-05-07,5426.0,0.0,110.7,
2022-05-08,5762.0,0.0,110.0,
2022-05-09,6057.0,0.0,122.4,
2022-05-10,6189.0,0.0,125.9,
2022-05-11,6520.0,0.0,129.8,
2022-05-12,6752.0,0.0,136.2,
2022-05-13,6781.0,0.0,135.8,
2022-05-14,6714.0,0.0,130.7,
2022-05-15,6631.0,0.0,125.6,
2022-05-16,6686.0,0.0,130.8,
2022-05-17,6679.0,0.0,132.8,
2022-05-18,6657.0,0.0,136.0,
2022-05-19,7008.0,0.0,138.1,
2022-05-20,6815.0,0.0,133.7,
2022-05-21,6412.0,0.0,129.1,
2022-05-22,5935.0,0.0,115.1,
2022-05-23,6052.0,0.0,99.2,
2022-05-24,4462.0,0.0,91.1,
2022-05-25,4771.0,0.0,100.3,
2022-05-26,5115.0,0.0,105.6,
2022-05-27,5680.0,0.0,113.9,
2022-05-28,6133.0,0.0,118.4,
2022-05-29,5967.0,0.0,118.4,
2022-05-30,6357.0,0.0,120.6,
2022-05-31,6115.0,0.0,120.0,
2022-06-01,6091.0,0.0,123.5,
2022-06-02,6442.0,0.0,128.9,
2022-06-03,6518.0,0.0,130.5,
2022-06-04,6543.0,0.0,129.4,
2022-06-05,6576.0,0.0,125.8,
2022-06-06,6692.0,0.0,135.0,
2022-06-07,6797.0,0.0,138.3,
2022-06-08,6824.0,0.0,139.5,
2022-06-09,7048.0,0.0,142.4,
2022-06-10,7089.0,0.0,145.4,
2022-06-11,6967.0,0.0,139.6,
2022-06-12,6935.0,0.0,135.6,
2022-06-13,7202.0,0.0,150.3,
2022-06-14,7139.0,0.0,144.2,
2022-06-15,7227.0,0.0,145.3,
2022-06-16,7187.0,0.0,140.2,
2022-06-17,6708.0,0.0,125.5,
2022-06-18,5325.0,0.0,108.6,
2022-06-19,5178.0,0.0,98.6,
2022-06-20,5010.0,0.0,105.0,
2022-06-21,5273.0,0.0,107.7,
2022-06-22,5536.0,0.0,112.3,
2022-06-23,5587.0,0.0,115.5,
2022-06-24,5614.0,0.0,116.3,
2022-06-25,5790.0,0.0,116.8,
2022-06-26,6700.0,0.0,127.7,
2022-06-27,7168.0,0.0,145.4,
2022-06-28,7528.0,0.0,153.5,
2022-06-29,7770.0,0.0,152.8,
2022-06-30,7130.0,0.0,123.5,
2022-07-01,5289.0,0.0,112.8,
2022-07-02,5651.0,0.0,109.1,
2022-07-03,5918.0,0.0,112.4,
2022-07-04,6580.0,0.0,130.2,
2022-07-05,6983.0,0.0,140.6,
2022-07-06,7279.0,0.0,145.8,
2022-07-07,7284.0,0.0,149.1,
2022-07-08,7411.0,0.0,149.3,
2022-07-09,7181.0,0.0,137.1,
2022-07-10,6133.0,0.0,122.1,
2022-07-11,6528.0,0.0,130.4,
2022-07-12,6318.0,0.0,126.2,
2022-07-13,6257.0,0.0,128.4,
2022-07-14,6173.0,0.0,133.0,
2022-07-15,6773.0,0.0,129.4,
2022-07-16,6681.0,0.0,124.5,
2022-07-17,6046.0,0.0,113.9,
2022-07-18,6847.0,0.0,134.3,
2022-07-19,6816.0,0.0,140.9,
2022-07-20,6571.0,0.0,129.6,
2022-07-21,5821.0,0.0,118.7,
2022-07-22,5691.0,0.0,121.3,
2022-07-23,5485.0,0.0,110.2,
2022-07-24,5655.0,0.0,113.8,
2022-07-25,5770.0,0.0,119.9,
2022-07-26,5876.0,0.0,121.3,
2022-07-27,5897.0,0.0,123.6,
2022-07-28,5692.0,0.0,119.3,
2022-07-29,5479.0,0.0,114.4,
2022-07-30,4978.0,0.0,107.1,
2022-07-31,5070.0,0.0,98.4,
2022-08-01,5468.0,0.0,113.0,
2022-08-02,6089.0,0.0,121.3,
2022-08-03,5967.0,0.0,125.9,
2022-08-04,5814.0,0.0,122.9,
2022-08-05,5481.0,0.0,117.5,
2022-08-06,5578.0,0.0,115.2,
2022-08-07,5421.0,0.0,104.9,
2022-08-08,5776.0,0.0,114.4,
2022-08-09,6233.0,0.0,123.7,
2022-08-10,6388.0,0.0,131.4,
2022-08-11,6328.0,0.0,113.9,
2022-08-12,5873.0,0.0,119.9,
2022-08-13,5866.0,0.0,119.7,
2022-08-14,5792.0,0.0,112.6,
2022-08-15,5148.0,0.0,96.7,
2022-08-16,5096.0,0.0,109.3,
2022-08-17,5486.0,0.0,113.3,
2022-08-18,5808.0,0.0,119.9,
2022-08-19,5711.0,0.0,118.2,
2022-08-20,5647.0,0.0,119.4,
2022-08-21,6064.0,0.0,117.8,
2022-08-22,6267.0,0.0,128.2,
2022-08-23,6111.0,0.0,126.3,
2022-08-24,5783.0,0.0,122.6,
2022-08-25,5862.0,0.0,121.5,
2022-08-26,6100.0,0.0,125.9,
2022-08-27,5910.0,0.0,122.8,
2022-08-28,5945.0,0.0,116.5,
2022-08-29,6027.0,0.0,124.8,
2022-08-30,5866.0,0.0,124.6,
2022-08-31,6253.0,0.0,127.6,
2022-09-01,6479.0,0.0,132.8,
2022-09-02,6440.0,0.0,133.9,
2022-09-03,6298.0,0.0,128.5,
2022-09-04,6288.0,0.0,124.0,
2022-09-05,6429.0,0.0,131.8,
2022-09-06,6488.0,0.0,133.2,
2022-09-07,6482.0,0.0,134.1,
2022-09-08,6634.0,0.0,136.8,
2022-09-09,6614.0,0.0,139.0,
2022-09-10,6542.0,0.0,133.8,
2022-09-11,6272.0,0.0,125.2,
2022-09-12,6444.0,0.0,132.5,
2022-09-13,6282.0,0.0,127.5,
2022-09-14,5947.0,0.0,121.6,
2022-09-15,5226.0,0.0,112.5,
2022-09-16,4582.0,0.0,98.5,
2022-09-17,4746.0,0.0,98.0,
2022-09-18,5094.0,0.0,99.3,
2022-09-19,5318.0,0.0,111.5,
2022-09-20,5332.0,0.0,110.8,
2022-09-21,5167.0,0.0,106.8,
2022-09-22,4718.0,0.0,98.7,
2022-09-23,4573.0,0.0,92.3,
2022-09-24,4146.0,0.0,85.1,
2022-09-25,3987.0,0.0,83.1,
2022-09-26,4612.0,0.0,95.2,
2022-09-27,4771.0,0.0,99.1,
2022-09-28,4896.0,0.0,103.0,
2022-09-29,5018.0,0.0,104.2,
2022-09-30,5062.0,0.0,106.2,
2022-10-01,4722.0,0.0,103.3,
2022-10-02,4510.0,0.0,91.2,
2022-10-03,4803.0,0.0,100.9,
2022-10-04,4944.0,0.0,104.8,
2022-10-05,4693.0,0.0,96.2,
2022-10-06,4616.0,0.0,97.2,
2022-10-07,4450.0,0.0,91.5,
2022-10-08,3795.0,0.0,78.7,
2022-10-09,3422.0,0.0,68.4,
2022-10-10,3730.0,0.0,72.9,
2022-10-11,3874.0,0.0,76.8,
2022-10-12,4013.0,0.0,79.4,
2022-10-13,3995.0,0.0,78.2,
2022-10-14,4001.0,0.0,79.4,
2022-10-15,3668.0,0.0,74.6,
2022-10-16,3470.0,0.0,71.1,
2022-10-17,4003.0,0.0,79.0,
2022-10-18,3954.0,0.0,80.0,
2022-10-19,4015.0,0.0,80.8,
2022-10-20,4047.0,0.0,80.7,
2022-10-21,4043.0,0.0,81.6,
2022-10-22,3765.0,0.0,76.2,
2022-10-23,3279.0,0.0,67.7,
2022-10-24,2994.0,0.0,61.0,
2022-10-25,3108.0,0.0,59.7,
2022-10-26,3047.0,0.0,61.8,
2022-10-27,3429.0,0.0,68.0,
2022-10-28,3663.0,0.0,71.1,
2022-10-29,3466.0,0.0,68.8,
2022-10-30,3237.0,0.0,64.2,
2022-10-31,3556.0,0.0,69.2,
2022-11-01,3663.0,0.0,71.3,
2022-11-02,3721.0,0.0,72.3,
2022-11-03,3725.0,0.0,72.4,
2022-11-04,3847.0,0.0,73.5,
2022-11-05,3646.0,0.0,71.6,
2022-11-06,3504.0,0.0,68.7,
2022-11-07,3767.0,0.0,74.0,
2022-11-08,3752.0,0.0,69.7,
2022-11-09,3713.0,0.0,72.9,
2022-11-10,3831.0,0.0,73.3,
2022-11-11,3756.0,0.0,74.8,
2022-11-12,3469.0,0.0,65.0,
2022-11-13,3364.0,0.0,61.1,
2022-11-14,3539.0,0.0,67.2,
2022-11-15,3525.0,0.0,68.3,
2022-11-16,3576.0,0.0,67.2,
2022-11-17,3528.0,0.0,67.0,
2022-11-18,3717.0,0.0,66.7,
2022-11-19,3439.0,0.0,62.5,
2022-11-20,3554.0,0.0,60.6,
2022-11-21,3529.0,0.0,64.0,
2022-11-22,3591.0,0.0,66.0,
2022-11-23,3614.0,0.0,65.2,
2022-11-24,3560.0,0.0,65.7,
2022-11-25,3678.0,0.0,68.0,
2022-11-26,3525.0,0.0,63.1,
2022-11-27,3608.0,0.0,61.0,
2022-11-28,3581.0,0.0,65.0,
2022-11-29,3617.0,0.0,65.2,
2022-11-30,3751.0,0.0,66.5,
2022-12-01,3642.0,0.0,66.5,
2022-12-02,3820.0,0.0,67.2,
2022-12-03,3650.0,0.0,65.4,
2022-12-04,3346.0,0.0,59.8,
2022-12-05,,,,
2022-12-06,,,,
2022-12-07,,,,
2022-12-08,,,,
2022-12-09,,,,
2022-12-10,,,,
2022-12-11,,,,
2022-12-12,,,,
2022-12-13,,,,
2022-12-14,,,,
2022-12-15,,,,
2022-12-16,,,,
2022-12-17,,,,
2022-12-18,,,,
2022-12-19,,,,
2022-12-20,,,,
2022-12-21,,,,
2022-12-22,,,,
2022-12-23,,,,
2022-12-24,,,,
2022-12-25,,,,
2022-12-26,,,,
2022-12-27,,,,
2022-12-28,,,,
2022-12-29,,,,
2022-12-30,,,,
2022-12-31,,,,
2023-01-01,,,,
2023-01-02,,,,
2023-01-03,,,,
2023-01-04,,,,
2023-01-05,,,,
2023-01-06,,,,
2023-01-07,,,,
2023-01-08,,,,
2023-01-09,,,,
2023-01-10,,,,
2023-01-11,,,,
2023-01-12,,,,
2023-01-13,,,,
2023-01-14,,,,
2023-01-15,,,,
2023-01-16,,,,
2023-01-17,,,,
2023-01-18,,,,
2023-01-19,,,,
2023-01-20,,,,
2023-01-21,,,,
2023-01-22,,,,
2023-01-23,,,,
2023-01-24,,,,
2023-01-25,,,,
2023-01-26,,,,
2023-01-27,,,,
2023-01-28,,,,
2023-01-29,,,,
2023-01-30,,,,
2023-01-31,,,,
2023-02-01,,,,
2023-02-02,,,,
2023-02-03,,,,
2023-02-04,,,,
2023-02-05,,,,
2023-02-06,,,,
2023-02-07,,,,
2023-02-08,,,,
2023-02-09,,,,
2023-02-10,,,,
2023-02-11,,,,
2023-02-12,,,,
2023-02-13,,,,
2023-02-14,,,,
2023-02-15,,,,
2023-02-16,,,,
2023-02-17,,,,
2023-02-18,,,,
2023-02-19,,,,
2023-02-20,,,,
2023-02-21,,,,
2023-02-22,,,,
2023-02-23,,,,
2023-02-24,,,,
2023-02-25,,,,
2023-02-26,,,,
2023-02-27,,,,
2023-02-28,,,,
2023-03-01,,,,
2023-03-02,,,,
2023-03-03,,,,
2023-03-04,,,,
2023-03-05,,,,
2023-03-06,,,,
2023-03-07,,,,
2023-03-08,,,,
2023-03-09,,,,
2023-03-10,,,,
2023-03-11,,,,
2023-03-12,,,,
2023-03-13,,,,
2023-03-14,,,,
2023-03-15,,,,
2023-03-16,,,,
2023-03-17,,,,
2023-03-18,,,,
2023-03-19,,,,
2023-03-20,,,,
2023-03-21,,,,
2023-03-22,,,,
2023-03-23,,,,
2023-03-24,,,,
2023-03-25,,,,
2023-03-26,,,,
2023-03-27,3566.0,0.0,69.6,
2023-03-28,3642.0,0.0,67.5,
2023-03-29,3648.0,0.0,73.8,
2023-03-30,3518.0,0.0,70.2,
2023-03-31,3699.0,0.0,69.7,
2023-04-01,3411.0,0.0,66.3,
2023-04-02,3360.0,0.0,64.0,
2023-04-03,3588.0,0.0,70.1,
2023-04-04,3550.0,0.0,70.6,
2023-04-05,3666.0,0.0,73.6,
2023-04-06,3632.0,0.0,74.1,
2023-04-07,3766.0,0.0,74.0,
2023-04-08,3544.0,0.0,71.8,
2023-04-09,3409.0,0.0,70.7,
2023-04-10,3812.0,0.0,77.5,
2023-04-11,3908.0,0.0,80.1,
2023-04-12,4126.0,0.0,85.4,
2023-04-13,4276.0,0.0,88.3,
2023-04-14,4305.0,0.0,88.7,
2023-04-15,4291.0,0.0,91.4,
2023-04-16,4371.0,0.0,90.7,
2023-04-17,5059.0,0.0,101.1,
2023-04-18,5324.0,0.0,109.1,
2023-04-19,5232.0,0.0,107.1,
2023-04-20,5028.0,0.0,103.9,
2023-04-21,4680.0,0.0,98.8,
2023-04-22,4310.0,0.0,89.3,
2023-04-23,3934.0,0.0,81.1,
2023-04-24,4082.0,0.0,86.2,
2023-04-25,4174.0,0.0,87.7,
2023-04-26,4445.0,0.0,92.4,
2023-04-27,4626.0,0.0,94.1,
2023-04-28,4395.0,0.0,93.8,
2023-04-29,4048.0,0.0,89.3,
2023-04-30,3791.0,0.0,81.6,
2023-05-01,3607.0,0.0,76.6,
2023-05-02,3682.0,0.0,74.5,
2023-05-03,3944.0,0.0,74.7,
2023-05-04,3670.0,0.0,74.1,
2023-05-05,3940.0,0.0,79.0,
2023-05-06,3826.0,0.0,81.3,
2023-05-07,3816.0,0.0,82.1,
2023-05-08,4460.0,0.0,91.7,
2023-05-09,4518.0,0.0,93.9,
2023-05-10,4595.0,0.0,95.2,
2023-05-11,4808.0,0.0,99.8,
2023-05-12,5145.0,0.0,103.9,
2023-05-13,5197.0,0.0,104.4,
2023-05-14,5188.0,0.0,106.9,
2023-05-15,5661.0,0.0,115.4,
2023-05-16,5691.0,0.0,117.7,
2023-05-17,5867.0,0.0,118.6,
2023-05-18,5593.0,0.0,110.8,
2023-05-19,5458.0,0.0,111.9,
2023-05-20,5391.0,0.0,110.9,
2023-05-21,5948.0,0.0,110.2,
2023-05-22,6427.0,0.0,129.9,
2023-05-23,6785.0,0.0,135.0,
2023-05-24,6142.0,0.0,119.1,
2023-05-25,5569.0,0.0,111.5,
2023-05-26,4991.0,0.0,103.8,
2023-05-27,5051.0,0.0,97.4,
2023-05-28,4780.0,0.0,98.0,
2023-05-29,4782.0,0.0,99.0,
2023-05-30,4871.0,0.0,97.7,
2023-05-31,4462.0,0.0,92.4,
2023-06-01,4298.0,0.0,88.6,
2023-06-02,4567.0,0.0,94.0,
2023-06-03,4618.0,0.0,98.0,
2023-06-04,4805.0,0.0,97.6,
2023-06-05,5493.0,0.0,110.0,
2023-06-06,5511.0,0.0,113.7,
2023-06-07,5664.0,0.0,116.1,
2023-06-08,5971.0,0.0,121.2,
2023-06-09,6387.0,0.0,126.4,
2023-06-10,6285.0,0.0,126.2,
2023-06-11,6101.0,0.0,119.1,
2023-06-12,6782.0,0.0,135.2,
2023-06-13,7043.0,0.0,143.6,
2023-06-14,7089.0,0.0,142.6,
2023-06-15,6799.0,0.0,138.5,
2023-06-16,6587.0,0.0,136.8,
2023-06-17,6531.0,0.0,132.1,
2023-06-18,6308.0,0.0,126.7,
2023-06-19,6255.0,0.0,125.2,
2023-06-20,6304.0,0.0,128.7,
2023-06-21,6382.0,0.0,132.4,
2023-06-22,6880.0,0.0,137.3,
2023-06-23,6933.0,0.0,143.3,
2023-06-24,6829.0,0.0,136.4,
2023-06-25,6283.0,0.0,106.7,
2023-06-26,5460.0,0.0,114.1,
2023-06-27,5755.0,0.0,119.6,
2023-06-28,5980.0,0.0,122.5,
2023-06-29,5651.0,0.0,115.6,
2023-06-30,5770.0,0.0,118.2,
2023-07-01,5634.0,0.0,117.1,
2023-07-02,6170.0,0.0,116.8,
2023-07-03,6953.0,0.0,136.9,
2023-07-04,6696.0,0.0,139.5,
2023-07-05,6540.0,0.0,134.4,
2023-07-06,5989.0,0.0,123.5,
2023-07-07,6099.0,0.0,125.0,
2023-07-08,5790.0,0.0,111.3,
2023-07-09,4838.0,0.0,101.4,
2023-07-10,5322.0,0.0,107.9,
2023-07-11,5260.0,0.0,110.2,
2023-07-12,5607.0,0.0,119.6,
2023-07-13,6055.0,0.0,123.9,
2023-07-14,5862.0,0.0,123.4,
2023-07-15,5714.0,0.0,120.5,
2023-07-16,5721.0,0.0,113.8,
2023-07-17,6165.0,0.0,127.2,
2023-07-18,5879.0,0.0,127.3,
2023-07-19,6466.0,0.0,130.2,
2023-07-20,7018.0,0.0,140.6,
2023-07-21,7344.0,0.0,149.4,
2023-07-22,6924.0,0.0,142.8,
2023-07-23,6792.0,0.0,136.2,
2023-07-24,7101.0,0.0,146.4,
2023-07-25,7220.0,0.0,147.3,
2023-07-26,6671.0,0.0,128.0,
2023-07-27,6180.0,0.0,128.4,
2023-07-28,6073.0,0.0,125.0,
2023-07-29,5263.0,0.0,112.7,
2023-07-30,5978.0,0.0,113.4,
2023-07-31,6527.0,0.0,131.6,
2023-08-01,6736.0,0.0,136.0,
2023-08-02,7005.0,0.0,139.3,
2023-08-03,6835.0,0.0,137.7,
2023-08-04,6405.0,0.0,133.9,
2023-08-05,6125.0,0.0,127.1,
2023-08-06,6169.0,0.0,123.9,
2023-08-07,6269.0,0.0,128.8,
2023-08-08,6309.0,0.0,129.5,
2023-08-09,6277.0,0.0,129.4,
2023-08-10,6548.0,0.0,132.0,
2023-08-11,6588.0,0.0,134.8,
2023-08-12,6374.0,0.0,129.3,
2023-08-13,6069.0,0.0,122.8,
2023-08-14,6139.0,0.0,128.9,
2023-08-15,6023.0,0.0,112.7,
2023-08-16,6780.0,0.0,134.4,
2023-08-17,6912.0,0.0,139.1,
2023-08-18,7114.0,0.0,144.3,
2023-08-19,6902.0,0.0,138.9,
2023-08-20,6745.0,0.0,132.8,
2023-08-21,7186.0,0.0,147.8,
2023-08-22,7315.0,0.0,147.9,
2023-08-23,6331.0,0.0,129.7,
2023-08-24,5875.0,0.0,122.6,
2023-08-25,6185.0,0.0,125.5,
2023-08-26,5926.0,0.0,123.3,
2023-08-27,5855.0,0.0,119.1,
2023-08-28,6426.0,0.0,128.4,
2023-08-29,6427.0,0.0,132.8,
2023-08-30,6352.0,0.0,130.7,
2023-08-31,6523.0,0.0,132.3,
2023-09-01,6681.0,0.0,138.1,
2023-09-02,6575.0,0.0,135.1,
2023-09-03,6533.0,0.0,128.6,
2023-09-04,6642.0,0.0,135.8,
2023-09-05,6953.0,0.0,141.3,
2023-09-06,6716.0,0.0,138.6,
2023-09-07,6371.0,0.0,130.1,
2023-09-08,5963.0,0.0,127.0,
2023-09-09,5920.0,0.0,113.1,
2023-09-10,4526.0,0.0,96.6,
2023-09-11,5233.0,0.0,107.1,
2023-09-12,5654.0,0.0,116.3,
2023-09-13,6206.0,0.0,126.9,
2023-09-14,6729.0,0.0,137.7,
2023-09-15,6404.0,0.0,131.3,
2023-09-16,5943.0,0.0,121.1,
2023-09-17,5162.0,0.0,108.2,
2023-09-18,5495.0,0.0,114.8,
2023-09-19,6009.0,0.0,124.5,
2023-09-20,6320.0,0.0,130.9,
2023-09-21,6543.0,0.0,135.9,
2023-09-22,6475.0,0.0,136.0,
2023-09-23,6338.0,0.0,124.9,
2023-09-24,5383.0,0.0,111.6,
2023-09-25,5645.0,0.0,118.1,
2023-09-26,5736.0,0.0,122.4,
2023-09-27,5640.0,0.0,120.5,
2023-09-28,5313.0,0.0,112.9,
2023-09-29,5413.0,0.0,114.7,
2023-09-30,5163.0,0.0,111.6,
2023-10-01,5068.0,0.0,102.9,
2023-10-02,4600.0,0.0,89.5,
2023-10-03,4755.0,0.0,98.3,
2023-10-04,4869.0,0.0,101.4,
2023-10-05,4843.0,0.0,100.9,
2023-10-06,4925.0,0.0,102.6,
2023-10-07,4861.0,0.0,103.8,
2023-10-08,5277.0,0.0,105.0,
2023-10-09,5500.0,0.0,114.6,
2023-10-10,5487.0,0.0,115.2,
2023-10-11,5040.0,0.0,108.7,
2023-10-12,4863.0,0.0,101.7,
2023-10-13,4958.0,0.0,104.4,
2023-10-14,4715.0,0.0,102.8,
2023-10-15,4523.0,0.0,96.1,
2023-10-16,4511.0,0.0,95.0,
2023-10-17,4022.0,0.0,81.7,
2023-10-18,4095.0,0.0,80.7,
2023-10-19,4078.0,0.0,79.7,
2023-10-20,4067.0,0.0,79.7,
2023-10-21,3812.0,0.0,76.4,
2023-10-22,3570.0,0.0,73.0,
2023-10-23,3979.0,0.0,76.9,
2023-10-24,3480.0,0.0,69.9,
2023-10-25,4006.0,0.0,77.6,
2023-10-26,4028.0,0.0,79.2,
2023-10-27,4038.0,0.0,79.4,
2023-10-28,3817.0,0.0,73.9,
2023-10-29,3656.0,0.0,73.6,
2023-10-30,4048.0,0.0,79.7,
2023-10-31,4124.0,0.0,80.9,
2023-11-01,4186.0,0.0,81.5,
2023-11-02,4153.0,0.0,80.9,
2023-11-03,4140.0,0.0,81.4,
2023-11-04,3903.0,0.0,76.2,
2023-11-05,3819.0,0.0,72.5,
2023-11-06,4026.0,0.0,77.3,
2023-11-07,4002.0,0.0,77.9,
2023-11-08,4047.0,0.0,77.9,
2023-11-09,4031.0,0.0,77.7,
2023-11-10,4097.0,0.0,75.8,
2023-11-11,3572.0,0.0,68.6,
2023-11-12,3025.0,0.0,59.6,
2023-11-13,2872.0,0.0,55.9,
2023-11-14,3205.0,0.0,60.3,
2023-11-15,3554.0,0.0,63.7,
2023-11-16,3536.0,0.0,66.4,
2023-11-17,3808.0,0.0,68.7,
2023-11-18,3558.0,0.0,66.1,
2023-11-19,3465.0,0.0,62.8,
2023-11-20,3504.0,0.0,66.3,
2023-11-21,3548.0,0.0,69.7,
2023-11-22,3724.0,0.0,71.1,
2023-11-23,3656.0,0.0,71.6,
2023-11-24,3911.0,0.0,70.8,
2023-11-25,3698.0,0.0,68.8,
2023-11-26,3825.0,0.0,67.2,
2023-11-27,3859.0,0.0,68.4,
2023-11-28,3749.0,0.0,69.8,
2023-11-29,3829.0,0.0,70.0,
2023-11-30,3784.0,0.0,69.5,
2023-12-01,3978.0,0.0,71.0,
2023-12-02,3658.0,0.0,66.5,
2023-12-03,3793.0,0.0,66.9,
2023-12-04,3769.0,0.0,69.4,
2023-12-05,3824.0,0.0,70.0,
2023-12-06,3837.0,0.0,69.5,
2023-12-07,3816.0,0.0,68.6,
2023-12-08,4032.0,0.0,71.2,
2023-12-09,3826.0,0.0,67.1,
2023-12-10,3885.0,0.0,64.9,
2023-12-11,3890.0,0.0,71.3,
2023-12-12,3950.0,0.0,70.7,
2023-12-13,4061.0,0.0,70.3,
2023-12-14,3740.0,0.0,68.3,
2023-12-15,3992.0,0.0,70.7,
2023-12-16,4003.0,0.0,70.5,
2023-12-17,4097.0,0.0,68.7,
2023-12-18,4096.0,0.0,71.2,
2023-12-19,4154.0,0.0,73.1,
2023-12-20,4338.0,0.0,74.6,
2023-12-21,4287.0,0.0,74.1,
2023-12-22,4570.0,0.0,75.9,
2023-12-23,4253.0,0.0,71.7,
2023-12-24,4253.0,0.0,68.9,
2023-12-25,4358.0,0.0,71.1,
2023-12-26,4382.0,0.0,73.8,
2023-12-27,4500.0,0.0,76.7,
2023-12-28,4515.0,0.0,76.5,
2023-12-29,4813.0,0.0,80.0,
2023-12-30,4441.0,0.0,75.2,
2023-12-31,4600.0,0.0,73.0,
2024-01-01,5062.0,0.0,79.6,
2024-01-02,4881.0,0.0,80.1,
2024-01-03,5250.0,0.0,84.9,
2024-01-04,5159.0,0.0,87.6,
2024-01-05,5413.0,0.0,90.4,
2024-01-06,5100.0,0.0,85.5,
2024-01-07,5087.0,0.0,81.7,
2024-01-08,5256.0,0.0,88.4,
2024-01-09,5372.0,0.0,91.3,
2024-01-10,5526.0,0.0,92.9,
2024-01-11,5370.0,0.0,92.7,
2024-01-12,5665.0,0.0,95.4,
2024-01-13,5316.0,0.0,87.3,
2024-01-14,5442.0,0.0,85.8,
2024-01-15,5454.0,0.0,90.1,
2024-01-16,5376.0,0.0,91.9,
2024-01-17,5523.0,0.0,93.0,
2024-01-18,5414.0,0.0,91.9,
2024-01-19,5769.0,0.0,97.0,
2024-01-20,5282.0,0.0,90.7,
2024-01-21,5430.0,0.0,87.5,
2024-01-22,5746.0,0.0,90.6,
2024-01-23,5391.0,0.0,91.4,
2024-01-24,5640.0,0.0,92.0,
2024-01-25,5520.0,0.0,92.0,
2024-01-26,4847.0,0.0,78.7,
2024-01-27,4968.0,0.0,79.4,
2024-01-28,5020.0,0.0,81.5,
2024-01-29,5122.0,0.0,85.4,
2024-01-30,5176.0,0.0,86.8,
2024-01-31,5296.0,0.0,88.7,
2024-02-01,4993.0,0.0,84.7,
2024-02-02,5338.0,0.0,87.3,
2024-02-03,4893.0,0.0,80.7,
2024-02-04,4861.0,0.0,75.7,
2024-02-05,4803.0,0.0,79.6,
2024-02-06,4793.0,0.0,79.5,
2024-02-07,4764.0,0.0,82.3,
2024-02-08,4701.0,0.0,80.9,
2024-02-09,4840.0,0.0,79.9,
2024-02-10,4573.0,0.0,74.8,
2024-02-11,4521.0,0.0,71.9,
2024-02-12,4497.0,0.0,75.4,
2024-02-13,4465.0,0.0,76.6,
2024-02-14,4673.0,0.0,76.4,
2024-02-15,4267.0,0.0,74.1,
2024-02-16,4498.0,0.0,74.9,
2024-02-17,4130.0,0.0,68.6,
2024-02-18,4113.0,0.0,67.0,
2024-02-19,4081.0,0.0,70.5,
2024-02-20,4049.0,0.0,71.4,
2024-02-21,4144.0,0.0,73.3,
2024-02-22,4019.0,0.0,72.4,
2024-02-23,4168.0,0.0,74.3,
2024-02-24,3952.0,0.0,70.2,
2024-02-25,4067.0,0.0,67.9,
2024-02-26,3943.0,0.0,71.0,
2024-02-27,4059.0,0.0,71.5,
2024-02-28,4089.0,0.0,71.5,
2024-02-29,4014.0,0.0,72.0,
2024-03-01,4114.0,0.0,73.0,
2024-03-02,3699.0,0.0,68.1,
2024-03-03,3838.0,0.0,66.7,
2024-03-04,3918.0,0.0,63.0,
2024-03-05,4028.0,0.0,69.8,
2024-03-06,4191.0,0.0,71.2,
2024-03-07,4022.0,0.0,68.4,
2024-03-08,4419.0,0.0,70.6,
2024-03-09,3744.0,0.0,66.0,
2024-03-10,3755.0,0.0,64.3,
2024-03-11,3908.0,0.0,69.3,
2024-03-12,3811.0,0.0,69.7,
2024-03-13,3854.0,0.0,70.8,
2024-03-14,3752.0,0.0,70.7,
2024-03-15,3956.0,0.0,71.3,
2024-03-16,3619.0,0.0,67.6,
2024-03-17,3582.0,0.0,65.1,
2024-03-18,3754.0,0.0,69.5,
2024-03-19,3762.0,0.0,71.9,
2024-03-20,3860.0,0.0,74.8,
2024-03-21,3692.0,0.0,72.9,
2024-03-22,4090.0,0.0,76.2,
2024-03-23,3750.0,0.0,72.6,
2024-03-24,3405.0,0.0,66.3,
2024-03-25,2682.0,0.0,55.7,
2024-03-26,3453.0,0.0,67.9,
2024-03-27,3892.0,0.0,77.5,
2024-03-28,4020.0,0.0,82.2,
2024-03-29,4177.0,0.0,84.3,
2024-03-30,4040.0,0.0,84.8,
2024-03-31,3829.0,0.0,82.3,
2024-04-01,,,,
2024-04-02,,,,
2024-04-03,,,,
2024-04-04,,,,
2024-04-05,,,,
2024-04-06,,,,
2024-04-07,,,,
2024-04-08,,,,
2024-04-09,,,,
2024-04-10,,,,
2024-04-11,,,,
2024-04-12,,,,
2024-04-13,,,,
2024-04-14,,,,
2024-04-15,,,,
2024-04-16,,,,
2024-04-17,,,,
2024-04-18,,,,
2024-04-19,,,,
2024-04-20,,,,
2024-04-21,,,,
2024-04-22,,,,
2024-04-23,,,,
2024-04-24,,,,
2024-04-25,,,,
2024-04-26,,,,
2024-04-27,,,,
2024-04-28,,,,
2024-04-29,5301.0,0.0,108.4,
2024-04-30,5016.0,0.0,105.5,
2024-05-01,4724.0,0.0,98.5,
2024-05-02,4800.0,0.0,98.8,
2024-05-03,5020.0,0.0,102.8,
2024-05-04,5096.0,0.0,105.7,
2024-05-05,5366.0,0.0,106.8,
2024-05-06,6026.0,0.0,119.6,
2024-05-07,6427.0,0.0,126.9,
2024-05-08,6310.0,0.0,128.6,
2024-05-09,6210.0,0.0,127.3,
2024-05-10,6414.0,0.0,127.4,
2024-05-11,5697.0,0.0,115.7,
2024-05-12,6078.0,0.0,119.5,
2024-05-13,6253.0,0.0,129.9,
2024-05-14,6176.0,0.0,127.7,
2024-05-15,6387.0,0.0,129.3,
2024-05-16,6756.0,0.0,134.8,
2024-05-17,6944.0,0.0,139.7,
2024-05-18,7024.0,0.0,141.6,
2024-05-19,7033.0,0.0,138.5,
2024-05-20,7481.0,0.0,152.4,
2024-05-21,7703.0,0.0,158.4,
2024-05-22,7916.0,0.0,160.8,
2024-05-23,7648.0,0.0,157.7,
2024-05-24,7774.0,0.0,157.7,
2024-05-25,7558.0,0.0,144.1,
2024-05-26,7597.0,0.0,145.8,
2024-05-27,7897.0,0.0,161.1,
2024-05-28,7799.0,0.0,161.7,
2024-05-29,8188.0,0.0,163.4,
2024-05-30,8017.0,0.0,162.7,
2024-05-31,7925.0,0.0,163.8,
2024-06-01,7915.0,0.0,154.2,
2024-06-02,7233.0,0.0,144.6,
2024-06-03,7805.0,0.0,155.3,
2024-06-04,7772.0,0.0,156.2,
2024-06-05,7892.0,0.0,159.0,
2024-06-06,7395.0,0.0,146.8,
2024-06-07,7349.0,0.0,147.4,
2024-06-08,7340.0,0.0,143.0,
2024-06-09,6992.0,0.0,136.7,
2024-06-10,7400.0,0.0,150.4,
2024-06-11,7556.0,0.0,154.1,
2024-06-12,7677.0,0.0,157.3,
2024-06-13,7897.0,0.0,163.5,
2024-06-14,8088.0,0.0,164.8,
2024-06-15,7680.0,0.0,158.0,
2024-06-16,7786.0,0.0,154.8,
2024-06-17,8155.0,0.0,163.9,
2024-06-18,8568.0,0.0,177.7,
2024-06-19,8548.0,0.0,176.2,
2024-06-20,7710.0,0.0,159.3,
2024-06-21,7642.0,0.0,150.3,
2024-06-22,6900.0,0.0,142.5,
2024-06-23,7262.0,0.0,142.1,
2024-06-24,7472.0,0.0,153.0,
2024-06-25,7592.0,0.0,154.5,
2024-06-26,7695.0,0.0,156.1,
2024-06-27,7145.0,0.0,143.6,
2024-06-28,6694.0,0.0,127.6,
2024-06-29,6125.0,0.0,129.3,
2024-06-30,6777.0,0.0,131.8,
2024-07-01,7196.0,0.0,142.4,
2024-07-02,7250.0,0.0,149.0,
2024-07-03,6835.0,0.0,138.1,
2024-07-04,6055.0,0.0,127.7,
2024-07-05,6246.0,0.0,127.4,
2024-07-06,5947.0,0.0,123.8,
2024-07-07,5579.0,0.0,115.0,
2024-07-08,5735.0,0.0,119.6,
2024-07-09,5968.0,0.0,125.7,
2024-07-10,6313.0,0.0,132.5,
2024-07-11,7448.0,0.0,144.9,
2024-07-12,7079.0,0.0,140.5,
2024-07-13,6470.0,0.0,131.1,
2024-07-14,6780.0,0.0,131.4,
2024-07-15,6900.0,0.0,142.1,
2024-07-16,7375.0,0.0,150.4,
2024-07-17,7267.0,0.0,151.7,
2024-07-18,7031.0,0.0,149.3,
2024-07-19,7316.0,0.0,149.1,
2024-07-20,7194.0,0.0,144.7,
2024-07-21,7375.0,0.0,150.4,
2024-07-22,6922.0,0.0,148.2,
2024-07-23,7095.0,0.0,147.2,
2024-07-24,6920.0,0.0,142.4,
2024-07-25,7036.0,0.0,144.3,
2024-07-26,6949.0,0.0,145.3,
2024-07-27,6853.0,0.0,143.6,
2024-07-28,7123.0,0.0,141.9,
2024-07-29,7730.0,0.0,155.1,
2024-07-30,7862.0,0.0,163.1,
2024-07-31,8097.0,0.0,157.2,
2024-08-01,6475.0,0.0,134.7,
2024-08-02,6405.0,0.0,137.9,
2024-08-03,6292.0,0.0,132.6,
2024-08-04,6274.0,0.0,126.3,
2024-08-05,6461.0,0.0,132.2,
2024-08-06,6577.0,0.0,134.8,
2024-08-07,6232.0,0.0,131.2,
2024-08-08,6171.0,0.0,128.3,
2024-08-09,6465.0,0.0,130.6,
2024-08-10,5793.0,0.0,124.6,
2024-08-11,5646.0,0.0,114.2,
2024-08-12,5445.0,0.0,118.8,
2024-08-13,5879.0,0.0,121.9,
2024-08-14,6263.0,0.0,128.1,
2024-08-15,5897.0,0.0,113.0,
2024-08-16,6517.0,0.0,129.7,
2024-08-17,6179.0,0.0,132.6,
2024-08-18,6338.0,0.0,130.4,
2024-08-19,6262.0,0.0,129.0,
2024-08-20,5895.0,0.0,126.3,
2024-08-21,6437.0,0.0,129.7,
2024-08-22,6793.0,0.0,138.7,
2024-08-23,6233.0,0.0,129.7,
2024-08-24,6086.0,0.0,127.1,
2024-08-25,6058.0,0.0,121.9,
2024-08-26,5975.0,0.0,124.4,
2024-08-27,6047.0,0.0,127.2,
2024-08-28,6068.0,0.0,125.6,
2024-08-29,5565.0,0.0,118.8,
2024-08-30,6158.0,0.0,124.9,
2024-08-31,6246.0,0.0,128.6,
2024-09-01,6538.0,0.0,129.1,
2024-09-02,6297.0,0.0,133.4,
2024-09-03,6607.0,0.0,135.0,
2024-09-04,5783.0,0.0,121.3,
2024-09-05,5671.0,0.0,118.1,
2024-09-06,5735.0,0.0,121.7,
2024-09-07,5429.0,0.0,114.7,
2024-09-08,5155.0,0.0,110.2,
2024-09-09,5722.0,0.0,120.9,
2024-09-10,6093.0,0.0,123.5,
2024-09-11,5683.0,0.0,121.3,
2024-09-12,5315.0,0.0,112.5,
2024-09-13,4848.0,0.0,99.0,
2024-09-14,4683.0,0.0,96.9,
2024-09-15,4630.0,0.0,99.6,
2024-09-16,5000.0,0.0,107.1,
2024-09-17,5490.0,0.0,114.2,
2024-09-18,5170.0,0.0,107.8,
2024-09-19,4986.0,0.0,103.0,
2024-09-20,5386.0,0.0,111.2,
2024-09-21,5404.0,0.0,115.1,
2024-09-22,5709.0,0.0,117.8,
2024-09-23,6360.0,0.0,131.3,
2024-09-24,6685.0,0.0,139.0,
2024-09-25,6691.0,0.0,140.0,
2024-09-26,6234.0,0.0,133.6,
2024-09-27,6022.0,0.0,129.6,
2024-09-28,5339.0,0.0,116.9,
2024-09-29,5486.0,0.0,113.4,
